id;source;target
0;Semi-differentiability;Semi-differentiability
1;Semi-differentiability;One-sided limit
2;Semi-differentiability;Derivative
3;Semi-differentiability;Mean value theorem
4;Semi-differentiability;Calculus
5;Semi-differentiability;Differentiable function
6;Semi-differentiability;Difference quotient
7;Manifold;Differentiable manifold
8;Manifold;Manifold
9;Manifold;Michael Spivak
10;Manifold;Derivative
11;Manifold;Euclidean space
12;Manifold;Cartesian coordinate system
13;Manifold;Manifold
14;Manifold;Area
15;Manifold;Calculus
16;Manifold;Manifold
17;Manifold;Hilbert space
18;Absolute continuity;Absolute continuity
19;Absolute continuity;Integral
20;Absolute continuity;Derivative
21;Absolute continuity;Calculus
22;Multivariable calculus;Del
23;Multivariable calculus;Differentiation rules
24;Multivariable calculus;Quotient rule
25;Multivariable calculus;Integral
26;Multivariable calculus;Area
27;Multivariable calculus;Taylor's theorem
28;Multivariable calculus;Improper integral
29;Multivariable calculus;Integral
30;Multivariable calculus;Limit of a function
31;Multivariable calculus;Derivative
32;Multivariable calculus;Power rule
33;Multivariable calculus;Differentiable manifold
34;Multivariable calculus;Integration by parts
35;Multivariable calculus;Multivariable calculus
36;Multivariable calculus;Chain rule
37;Multivariable calculus;Order of integration (calculus)
38;Multivariable calculus;Mean value theorem
39;Multivariable calculus;Calculus
40;Multivariable calculus;Manifold
41;Multivariable calculus;Differential calculus
42;Multivariable calculus;Rolle's theorem
43;Multivariable calculus;Product rule
44;Multivariable calculus;Integration by substitution
45;Integral;Improper integral
46;Integral;Logarithm
47;Integral;Limit of a function
48;Integral;Multivariable calculus
49;Integral;Chain rule
50;Integral;Order of integration (calculus)
51;Integral;Calculus
52;Integral;Area
53;Integral;Product rule
54;Integral;Time-scale calculus
55;Integral;History of calculus
56;Integral;Differentiation rules
57;Integral;Quotient rule
58;Integral;Differential (infinitesimal)
59;Integral;Taylor's theorem
60;Integral;Differential calculus
61;Integral;Power rule
62;Integral;Differential (infinitesimal)
63;Integral;Cavalieri's quadrature formula
64;Integral;Risch algorithm
65;Integral;Differentiation under the integral sign
66;Integral;nth root
67;Integral;Manifold
68;Integral;Integral
69;Integral;Derivative
70;Integral;Real analysis
71;Integral;Antiderivative
72;Integral;Gaussian integral
73;Integral;Mean value theorem
74;Integral;Isaac Barrow
75;Integral;Hilbert space
76;Integral;Integration by substitution
77;Integral;Method of exhaustion
78;Integral;p-adic number
79;Integral;Integral
80;Integral;Area
81;Integral;Integration by parts
82;Integral;Limit (mathematics)
83;Integral;Physics
84;Integral;Symbolic integration
85;Integral;Rolle's theorem
86;Reciprocal rule;Differentiable function
87;Reciprocal rule;Quotient rule
88;Reciprocal rule;Difference quotient
89;Reciprocal rule;Reciprocal rule
90;Reciprocal rule;Product rule
91;Reciprocal rule;Chain rule
92;Reciprocal rule;Calculus
93;Reciprocal rule;Derivative
94;One-sided limit;Calculus
95;One-sided limit;One-sided limit
96;One-sided limit;Limit of a function
97;Differentiation rules;Differentiation rules
98;Differentiation rules;Quotient rule
99;Differentiation rules;Integral
100;Differentiation rules;Taylor's theorem
101;Differentiation rules;Improper integral
102;Differentiation rules;Integral
103;Differentiation rules;Limit of a function
104;Differentiation rules;Derivative
105;Differentiation rules;Power rule
106;Differentiation rules;Integration by parts
107;Differentiation rules;Logarithm
108;Differentiation rules;Leibniz's notation
109;Differentiation rules;Multivariable calculus
110;Differentiation rules;Chain rule
111;Differentiation rules;Differentiation under the integral sign
112;Differentiation rules;Order of integration (calculus)
113;Differentiation rules;Differential of a function
114;Differentiation rules;Mean value theorem
115;Differentiation rules;Reciprocal rule
116;Differentiation rules;Differentiable function
117;Differentiation rules;Calculus
118;Differentiation rules;Logarithmic derivative
119;Differentiation rules;Differential calculus
120;Differentiation rules;Rolle's theorem
121;Differentiation rules;Product rule
122;Differentiation rules;Integration by substitution
123;Differentiation under the integral sign;Determinant
124;Differentiation under the integral sign;Differentiation rules
125;Differentiation under the integral sign;Quotient rule
126;Differentiation under the integral sign;Integral
127;Differentiation under the integral sign;Taylor's theorem
128;Differentiation under the integral sign;Improper integral
129;Differentiation under the integral sign;Integral
130;Differentiation under the integral sign;Limit of a function
131;Differentiation under the integral sign;Derivative
132;Differentiation under the integral sign;Power rule
133;Differentiation under the integral sign;Integration by parts
134;Differentiation under the integral sign;Multivariable calculus
135;Differentiation under the integral sign;Chain rule
136;Differentiation under the integral sign;Differentiation under the integral sign
137;Differentiation under the integral sign;Order of integration (calculus)
138;Differentiation under the integral sign;Mean value theorem
139;Differentiation under the integral sign;Integral
140;Differentiation under the integral sign;Calculus
141;Differentiation under the integral sign;Differential calculus
142;Differentiation under the integral sign;Rolle's theorem
143;Differentiation under the integral sign;Product rule
144;Differentiation under the integral sign;Integration by substitution
145;Mathematical and theoretical biology;Calculus
146;Mathematical and theoretical biology;Numerical methods for ordinary differential equations
147;Mathematical and theoretical biology;Mathematical and theoretical biology
148;Mathematical and theoretical biology;Mathematical and theoretical biology
149;Mathematical and theoretical biology;Mathematical and theoretical biology
150;Mathematical and theoretical biology;Physics
151;Logarithm;nth root
152;Logarithm;Calculus
153;Logarithm;Cartesian coordinate system
154;Logarithm;Pierre-Simon Laplace
155;Logarithm;Differentiable function
156;Logarithm;Integration by substitution
157;Logarithm;Limit (mathematics)
158;Logarithm;Logarithm
159;Logarithm;Chain rule
160;Logarithm;Integral
161;Logarithm;Derivative
162;Logarithm;Antiderivative
163;Logarithm;Logarithmic differentiation
164;Logarithm;Logarithmic derivative
165;Logarithm;Differentiable manifold
166;Logarithm;Monotonic function
167;Logarithm;Monotonic function
168;Limit of a function;One-sided limit
169;Limit of a function;Improper integral
170;Limit of a function;Limit of a function
171;Limit of a function;Indeterminate form
172;Limit of a function;Multivariable calculus
173;Limit of a function;Chain rule
174;Limit of a function;(, )-definition of limit
175;Limit of a function;Squeeze theorem
176;Limit of a function;Calculus
177;Limit of a function;Product rule
178;Limit of a function;L'Hpital's rule
179;Limit of a function;Differentiation rules
180;Limit of a function;Quotient rule
181;Limit of a function;Taylor's theorem
182;Limit of a function;Differential calculus
183;Limit of a function;Power rule
184;Limit of a function;Derivative
185;Limit of a function;Extended real number line
186;Limit of a function;Indeterminate form
187;Limit of a function;Integral
188;Limit of a function;(, )-definition of limit
189;Limit of a function;Mean value theorem
190;Limit of a function;Integration by substitution
191;Limit of a function;Integral
192;Limit of a function;Order of integration (calculus)
193;Limit of a function;Integration by parts
194;Limit of a function;Extended real number line
195;Limit of a function;Rolle's theorem
196;Integration by parts;Improper integral
197;Integration by parts;Limit of a function
198;Integration by parts;Multivariable calculus
199;Integration by parts;Chain rule
200;Integration by parts;Order of integration (calculus)
201;Integration by parts;Calculus
202;Integration by parts;Differentiation rules
203;Integration by parts;Quotient rule
204;Integration by parts;Taylor's theorem
205;Integration by parts;Integral
206;Integration by parts;Differential calculus
207;Integration by parts;Power rule
208;Integration by parts;Product rule
209;Integration by parts;Integral of secant cubed
210;Integration by parts;Polynomial
211;Integration by parts;Constant of integration
212;Integration by parts;Integral
213;Integration by parts;Derivative
214;Integration by parts;Antiderivative
215;Integration by parts;Mean value theorem
216;Integration by parts;Integration by substitution
217;Integration by parts;Integration by substitution
218;Integration by parts;Integral
219;Integration by parts;Integration by parts
220;Integration by parts;Logarithm
221;Integration by parts;Differential of a function
222;Integration by parts;Differential of a function
223;Integration by parts;Rolle's theorem
224;Integration by parts;Constant of integration
225;Indian mathematics;Differential calculus
226;Indian mathematics;Indian mathematics
227;Indian mathematics;Yuktibh
228;Indian mathematics;Geometric series
229;Indian mathematics;Area
230;Indian mathematics;nth root
231;Indian mathematics;Calculus
232;Indian mathematics;Bhskara II
233;Indian mathematics;Taylor's theorem
234;Indian mathematics;Polynomial
235;Indian mathematics;Rolle's theorem
236;Indian mathematics;Jyehadeva
237;Indian mathematics;History of calculus
238;Indian mathematics;Jyehadeva
239;Indian mathematics;Integral
240;Indian mathematics;Derivative
241;Indian mathematics;Mdhava of Sagamgrama
242;Indian mathematics;Kerala school of astronomy and mathematics
243;Indian mathematics;Mean value theorem
244;Indian mathematics;Mdhava of Sagamgrama
245;Indian mathematics;Mdhava of Sagamgrama
246;Indian mathematics;Jyehadeva
247;Indian mathematics;Bhskara II
248;Critical point (mathematics);Second derivative
249;Critical point (mathematics);Stationary point
250;Critical point (mathematics);Derivative
251;Critical point (mathematics);Eigenvalues and eigenvectors
252;Critical point (mathematics);Calculus
253;Critical point (mathematics);Differentiable manifold
254;Critical point (mathematics);Differentiable manifold
255;Critical point (mathematics);Critical point (mathematics)
256;Critical point (mathematics);Differential of a function
257;Critical point (mathematics);Manifold
258;Mathematical formulation of quantum mechanics;Mathematical formulation of quantum mechanics
259;Mathematical formulation of quantum mechanics;Mathematical formulation of quantum mechanics
260;Mathematical formulation of quantum mechanics;Calculus
261;Mathematical formulation of quantum mechanics;Eigenvalues and eigenvectors
262;Mathematical formulation of quantum mechanics;Eigenvalues and eigenvectors
263;Mathematical formulation of quantum mechanics;Hilbert space
264;Indeterminate form;Extended real number line
265;Indeterminate form;Limit of a function
266;Indeterminate form;Derivative
267;Indeterminate form;Real analysis
268;Indeterminate form;Calculus
269;Indeterminate form;Extended real number line
270;Indeterminate form;Derivative
271;Indeterminate form;Indeterminate form
272;Indeterminate form;L'Hpital's rule
273;Numerical methods for ordinary differential equations;Numerical methods for ordinary differential equations
274;Numerical methods for ordinary differential equations;Calculus
275;Numerical methods for ordinary differential equations;Numerical methods for ordinary differential equations
276;Numerical methods for ordinary differential equations;Integral
277;Numerical methods for ordinary differential equations;Physics
278;Differentiable manifold;Multivariable calculus
279;Differentiable manifold;Chain rule
280;Differentiable manifold;Calculus
281;Differentiable manifold;Product rule
282;Differentiable manifold;Differentiable manifold
283;Differentiable manifold;Derivative
284;Differentiable manifold;Manifold
285;Differentiable manifold;Euclidean space
286;Differentiable manifold;Polynomial
287;Differentiable manifold;Integral
288;Differentiable manifold;Manifold
289;Differentiable manifold;Physics
290;Concrete Mathematics;Concrete Mathematics
291;Concrete Mathematics;Calculus
292;Eigenvalues and eigenvectors;Eigenvalues and eigenvectors
293;Eigenvalues and eigenvectors;Calculus
294;Eigenvalues and eigenvectors;Derivative
295;Eigenvalues and eigenvectors;Cartesian coordinate system
296;Eigenvalues and eigenvectors;Derivative
297;Eigenvalues and eigenvectors;Discrete mathematics
298;Eigenvalues and eigenvectors;Hilbert space
299;Eigenvalues and eigenvectors;Polynomial
300;Eigenvalues and eigenvectors;Determinant
301;Multivariable calculus;Del
302;Multivariable calculus;Differentiation rules
303;Multivariable calculus;Quotient rule
304;Multivariable calculus;Integral
305;Multivariable calculus;Area
306;Multivariable calculus;Taylor's theorem
307;Multivariable calculus;Improper integral
308;Multivariable calculus;Integral
309;Multivariable calculus;Limit of a function
310;Multivariable calculus;Derivative
311;Multivariable calculus;Power rule
312;Multivariable calculus;Differentiable manifold
313;Multivariable calculus;Integration by parts
314;Multivariable calculus;Multivariable calculus
315;Multivariable calculus;Chain rule
316;Multivariable calculus;Order of integration (calculus)
317;Multivariable calculus;Mean value theorem
318;Multivariable calculus;Calculus
319;Multivariable calculus;Manifold
320;Multivariable calculus;Differential calculus
321;Multivariable calculus;Rolle's theorem
322;Multivariable calculus;Product rule
323;Multivariable calculus;Integration by substitution
324;nth root;Calculus
325;nth root;nth root
326;nth root;Polynomial
327;Chain rule;Improper integral
328;Chain rule;Limit of a function
329;Chain rule;Multivariable calculus
330;Chain rule;Chain rule
331;Chain rule;Order of integration (calculus)
332;Chain rule;Leibniz's notation
333;Chain rule;Calculus
334;Chain rule;Difference quotient
335;Chain rule;Product rule
336;Chain rule;Differentiation rules
337;Chain rule;Quotient rule
338;Chain rule;Taylor's theorem
339;Chain rule;Power rule
340;Chain rule;Guillaume de l'Hpital
341;Chain rule;Integration by substitution
342;Chain rule;Manifold
343;Chain rule;Integral
344;Chain rule;Derivative
345;Chain rule;Mean value theorem
346;Chain rule;Integration by substitution
347;Chain rule;Integral
348;Chain rule;Integration by parts
349;Chain rule;Differential calculus
350;Chain rule;Rolle's theorem
351;Calculus of variations;Chain rule
352;Calculus of variations;EulerLagrange equation
353;Calculus of variations;Integral
354;Calculus of variations;Calculus
355;Calculus of variations;Jacob Bernoulli
356;Calculus of variations;Guillaume de l'Hpital
357;Calculus of variations;EulerLagrange equation
358;Calculus of variations;Calculus of variations
359;Calculus of variations;Derivative
360;Calculus of variations;Integration by parts
361;(, )-definition of limit;Limit of a function
362;(, )-definition of limit;Derivative
363;(, )-definition of limit;(, )-definition of limit
364;(, )-definition of limit;Calculus
365;(, )-definition of limit;List of calculus topics
366;LeibnizNewton calculus controversy;LeibnizNewton calculus controversy
367;LeibnizNewton calculus controversy;Integral
368;LeibnizNewton calculus controversy;Calculus
369;LeibnizNewton calculus controversy;Isaac Barrow
370;LeibnizNewton calculus controversy;Guillaume de l'Hpital
371;LeibnizNewton calculus controversy;Kerala school of astronomy and mathematics
372;LeibnizNewton calculus controversy;Differential (infinitesimal)
373;LeibnizNewton calculus controversy;History of calculus
374;Order of integration (calculus);Differentiation rules
375;Order of integration (calculus);Quotient rule
376;Order of integration (calculus);Integral
377;Order of integration (calculus);Taylor's theorem
378;Order of integration (calculus);Improper integral
379;Order of integration (calculus);Integral
380;Order of integration (calculus);Limit of a function
381;Order of integration (calculus);Derivative
382;Order of integration (calculus);Power rule
383;Order of integration (calculus);Integration by parts
384;Order of integration (calculus);Multivariable calculus
385;Order of integration (calculus);Chain rule
386;Order of integration (calculus);Mean value theorem
387;Order of integration (calculus);Iterated integral
388;Order of integration (calculus);Calculus
389;Order of integration (calculus);Order of integration (calculus)
390;Order of integration (calculus);Differential calculus
391;Order of integration (calculus);Rolle's theorem
392;Order of integration (calculus);Product rule
393;Order of integration (calculus);Integration by substitution
394;Second derivative test;Second derivative
395;Second derivative test;Stationary point
396;Second derivative test;Eigenvalues and eigenvectors
397;Second derivative test;Differentiable function
398;Second derivative test;First derivative test
399;Second derivative test;Second derivative test
400;Second derivative test;Calculus
401;Second derivative test;Differentiable function
402;Derivative;Improper integral
403;Derivative;Logarithm
404;Derivative;Limit of a function
405;Derivative;Leibniz's notation
406;Derivative;Multivariable calculus
407;Derivative;Chain rule
408;Derivative;Calculus
409;Derivative;Differential of a function
410;Derivative;Difference quotient
411;Derivative;Product rule
412;Derivative;Time-scale calculus
413;Derivative;History of calculus
414;Derivative;Differentiation rules
415;Derivative;Quotient rule
416;Derivative;Taylor's theorem
417;Derivative;Power rule
418;Derivative;Differential (infinitesimal)
419;Derivative;Derivative
420;Derivative;Differentiation rules
421;Derivative;Differential of a function
422;Derivative;Second derivative
423;Derivative;Polynomial
424;Derivative;Integral
425;Derivative;Antiderivative
426;Derivative;Differentiable manifold
427;Derivative;Differentiable function
428;Derivative;Mean value theorem
429;Derivative;Differential calculus
430;Derivative;Integration by substitution
431;Derivative;Integral
432;Derivative;Michael Spivak
433;Derivative;Order of integration (calculus)
434;Derivative;Integration by parts
435;Derivative;Physics
436;Derivative;Monotonic function
437;Derivative;Rolle's theorem
438;EulerLagrange equation;Calculus
439;EulerLagrange equation;Functional derivative
440;EulerLagrange equation;EulerLagrange equation
441;EulerLagrange equation;Calculus of variations
442;EulerLagrange equation;Stationary point
443;EulerLagrange equation;Derivative
444;EulerLagrange equation;Integration by parts
445;EulerLagrange equation;Physics
446;Leibniz's notation;Derivative
447;Leibniz's notation;Leibniz's notation
448;Leibniz's notation;Derivative
449;Leibniz's notation;LeibnizNewton calculus controversy
450;Leibniz's notation;Chain rule
451;Leibniz's notation;Differential (infinitesimal)
452;Leibniz's notation;Calculus
453;Leibniz's notation;Integration by substitution
454;Integral;Improper integral
455;Integral;Logarithm
456;Integral;Limit of a function
457;Integral;Multivariable calculus
458;Integral;Chain rule
459;Integral;Order of integration (calculus)
460;Integral;Calculus
461;Integral;Area
462;Integral;Product rule
463;Integral;Time-scale calculus
464;Integral;History of calculus
465;Integral;Differentiation rules
466;Integral;Quotient rule
467;Integral;Differential (infinitesimal)
468;Integral;Taylor's theorem
469;Integral;Differential calculus
470;Integral;Power rule
471;Integral;Differential (infinitesimal)
472;Integral;Cavalieri's quadrature formula
473;Integral;Risch algorithm
474;Integral;Differentiation under the integral sign
475;Integral;nth root
476;Integral;Manifold
477;Integral;Integral
478;Integral;Derivative
479;Integral;Real analysis
480;Integral;Antiderivative
481;Integral;Gaussian integral
482;Integral;Mean value theorem
483;Integral;Isaac Barrow
484;Integral;Hilbert space
485;Integral;Integration by substitution
486;Integral;Method of exhaustion
487;Integral;p-adic number
488;Integral;Integral
489;Integral;Area
490;Integral;Integration by parts
491;Integral;Limit (mathematics)
492;Integral;Physics
493;Integral;Symbolic integration
494;Integral;Rolle's theorem
495;Calculus;Discrete mathematics
496;Calculus;Improper integral
497;Calculus;Limit of a function
498;Calculus;Indian mathematics
499;Calculus;Leibniz's notation
500;Calculus;Multivariable calculus
501;Calculus;Chain rule
502;Calculus;Calculus of variations
503;Calculus;Order of integration (calculus)
504;Calculus;Product rule
505;Calculus;History of calculus
506;Calculus;List of calculus topics
507;Calculus;Derivative
508;Calculus;Differentiation rules
509;Calculus;Differentiation rules
510;Calculus;Zeno's paradoxes
511;Calculus;Quotient rule
512;Calculus;Taylor's theorem
513;Calculus;Differential calculus
514;Calculus;Power rule
515;Calculus;(, )-definition of limit
516;Calculus;George B. Thomas
517;Calculus;Antiderivative
518;Calculus;Michael Spivak
519;Calculus;Integral
520;Calculus;Derivative
521;Calculus;Yuktibh
522;Calculus;Real analysis
523;Calculus;Euclidean space
524;Calculus;Mean value theorem
525;Calculus;Isaac Barrow
526;Calculus;LeibnizNewton calculus controversy
527;Calculus;Kerala school of astronomy and mathematics
528;Calculus;Power rule
529;Calculus;Integration by substitution
530;Calculus;Method of exhaustion
531;Calculus;Integral
532;Calculus;Area
533;Calculus;Calculus
534;Calculus;Cartesian coordinate system
535;Calculus;Integration by parts
536;Calculus;Physics
537;Calculus;Constant of integration
538;Calculus;Philosophi Naturalis Principia Mathematica
539;Calculus;Mdhava of Sagamgrama
540;Calculus;Outline of calculus
541;Calculus;Limit (mathematics)
542;Calculus;Maria Gaetana Agnesi
543;Calculus;Rolle's theorem
544;Differential of a function;Differentiable manifold
545;Differential of a function;Chain rule
546;Differential of a function;Leibniz's notation
547;Differential of a function;Calculus
548;Differential of a function;Taylor's theorem
549;Differential of a function;Differential (infinitesimal)
550;Differential of a function;Differential of a function
551;Differential of a function;Maurice Ren Frchet
552;Differential of a function;Derivative
553;Differential of a function;Real analysis
554;Differential of a function;Euclidean space
555;Differential of a function;Differentiable function
556;Differential of a function;Limit (mathematics)
557;Differential of a function;Product rule
558;Extended real number line;Extended real number line
559;Extended real number line;p-adic number
560;Extended real number line;Improper integral
561;Extended real number line;Integral
562;Extended real number line;Limit of a function
563;Extended real number line;Calculus
564;Extended real number line;Indeterminate form
565;Logarithm;nth root
566;Logarithm;Calculus
567;Logarithm;Cartesian coordinate system
568;Logarithm;Pierre-Simon Laplace
569;Logarithm;Differentiable function
570;Logarithm;Integration by substitution
571;Logarithm;Limit (mathematics)
572;Logarithm;Logarithm
573;Logarithm;Chain rule
574;Logarithm;Integral
575;Logarithm;Derivative
576;Logarithm;Antiderivative
577;Logarithm;Logarithmic differentiation
578;Logarithm;Logarithmic derivative
579;Logarithm;Differentiable manifold
580;Logarithm;Monotonic function
581;Logarithm;Monotonic function
582;Hilbert space;Cartesian coordinate system
583;Hilbert space;Mathematical formulation of quantum mechanics
584;Hilbert space;Calculus
585;Hilbert space;Physics
586;Hilbert space;Eigenvalues and eigenvectors
587;Hilbert space;Limit (mathematics)
588;Hilbert space;Monotonic function
589;Hilbert space;Cartesian coordinate system
590;Hilbert space;Euclidean space
591;Hilbert space;Eigenvalues and eigenvectors
592;Hilbert space;Calculus of variations
593;Hilbert space;Maurice Ren Frchet
594;Hilbert space;Derivative
595;Hilbert space;Multivariable calculus
596;Hilbert space;Hilbert space
597;Eigenvalues and eigenvectors;Eigenvalues and eigenvectors
598;Eigenvalues and eigenvectors;Calculus
599;Eigenvalues and eigenvectors;Derivative
600;Eigenvalues and eigenvectors;Cartesian coordinate system
601;Eigenvalues and eigenvectors;Derivative
602;Eigenvalues and eigenvectors;Discrete mathematics
603;Eigenvalues and eigenvectors;Hilbert space
604;Eigenvalues and eigenvectors;Polynomial
605;Eigenvalues and eigenvectors;Determinant
606;Logarithmic differentiation;Quotient rule
607;Logarithmic differentiation;Derivative
608;Logarithmic differentiation;Chain rule
609;Logarithmic differentiation;Logarithmic differentiation
610;Logarithmic differentiation;Differentiable function
611;Logarithmic differentiation;Calculus
612;Logarithmic differentiation;Logarithm
613;Logarithmic differentiation;Logarithmic derivative
614;Derivative;Improper integral
615;Derivative;Logarithm
616;Derivative;Limit of a function
617;Derivative;Leibniz's notation
618;Derivative;Multivariable calculus
619;Derivative;Chain rule
620;Derivative;Calculus
621;Derivative;Differential of a function
622;Derivative;Difference quotient
623;Derivative;Product rule
624;Derivative;Time-scale calculus
625;Derivative;History of calculus
626;Derivative;Differentiation rules
627;Derivative;Quotient rule
628;Derivative;Taylor's theorem
629;Derivative;Power rule
630;Derivative;Differential (infinitesimal)
631;Derivative;Derivative
632;Derivative;Differentiation rules
633;Derivative;Differential of a function
634;Derivative;Second derivative
635;Derivative;Polynomial
636;Derivative;Integral
637;Derivative;Antiderivative
638;Derivative;Differentiable manifold
639;Derivative;Differentiable function
640;Derivative;Mean value theorem
641;Derivative;Differential calculus
642;Derivative;Integration by substitution
643;Derivative;Integral
644;Derivative;Michael Spivak
645;Derivative;Order of integration (calculus)
646;Derivative;Integration by parts
647;Derivative;Physics
648;Derivative;Monotonic function
649;Derivative;Rolle's theorem
650;Bhskara II;Indian mathematics
651;Bhskara II;Jyehadeva
652;Bhskara II;Calculus
653;Bhskara II;Differential of a function
654;Bhskara II;Bhskara II
655;Bhskara II;Differential calculus
656;Bhskara II;Differential (infinitesimal)
657;Bhskara II;Derivative
658;Bhskara II;Integral
659;Bhskara II;Mdhava of Sagamgrama
660;Bhskara II;Kerala school of astronomy and mathematics
661;Bhskara II;Mean value theorem
662;Bhskara II;Area
663;Bhskara II;Yuktibh
664;Bhskara II;nth root
665;Bhskara II;Mdhava of Sagamgrama
666;Bhskara II;Rolle's theorem
667;Difference quotient;Quotient rule
668;Difference quotient;Mean value theorem
669;Difference quotient;Difference quotient
670;Difference quotient;Leibniz's notation
671;Difference quotient;Calculus
672;Difference quotient;Derivative
673;Improper integral;Differentiation rules
674;Improper integral;Extended real number line
675;Improper integral;Indeterminate form
676;Improper integral;Quotient rule
677;Improper integral;Integral
678;Improper integral;Taylor's theorem
679;Improper integral;Improper integral
680;Improper integral;Integral
681;Improper integral;Limit of a function
682;Improper integral;Derivative
683;Improper integral;Power rule
684;Improper integral;Integration by parts
685;Improper integral;Limit (mathematics)
686;Improper integral;Gaussian integral
687;Improper integral;Multivariable calculus
688;Improper integral;Chain rule
689;Improper integral;Order of integration (calculus)
690;Improper integral;Mean value theorem
691;Improper integral;Integration by substitution
692;Improper integral;Integral
693;Improper integral;Calculus
694;Improper integral;Extended real number line
695;Improper integral;Differential calculus
696;Improper integral;Rolle's theorem
697;Improper integral;Product rule
698;Maurice Ren Frchet;Differentiation in Frchet spaces
699;Maurice Ren Frchet;Maurice Ren Frchet
700;Maurice Ren Frchet;Calculus
701;Product rule;Reciprocal rule
702;Product rule;Improper integral
703;Product rule;Limit of a function
704;Product rule;Multivariable calculus
705;Product rule;Order of integration (calculus)
706;Product rule;Leibniz's notation
707;Product rule;Calculus
708;Product rule;Differential of a function
709;Product rule;Difference quotient
710;Product rule;Product rule
711;Product rule;Differentiation rules
712;Product rule;Quotient rule
713;Product rule;Taylor's theorem
714;Product rule;Differential calculus
715;Product rule;Power rule
716;Product rule;Integral
717;Product rule;Derivative
718;Product rule;Euclidean space
719;Product rule;Differentiable manifold
720;Product rule;Differentiable function
721;Product rule;Mean value theorem
722;Product rule;Isaac Barrow
723;Product rule;Chain rule
724;Product rule;Integration by substitution
725;Product rule;Integral
726;Product rule;Integration by parts
727;Product rule;Limit (mathematics)
728;Product rule;Rolle's theorem
729;L'Hpital's rule;One-sided limit
730;L'Hpital's rule;Differential calculus
731;L'Hpital's rule;Limit of a function
732;L'Hpital's rule;Logarithm
733;L'Hpital's rule;Derivative
734;L'Hpital's rule;Mean value theorem
735;L'Hpital's rule;Differentiable function
736;L'Hpital's rule;Indeterminate form
737;L'Hpital's rule;Squeeze theorem
738;L'Hpital's rule;Mean value theorem
739;L'Hpital's rule;Guillaume de l'Hpital
740;L'Hpital's rule;Extended real number line
741;L'Hpital's rule;Calculus
742;L'Hpital's rule;Polynomial
743;L'Hpital's rule;L'Hpital's rule
744;Time-scale calculus;Differential calculus
745;Time-scale calculus;Calculus
746;Time-scale calculus;Time-scale calculus
747;History of calculus;Calculus of variations
748;History of calculus;History of calculus
749;History of calculus;Jacob Bernoulli
750;History of calculus;Cavalieri's quadrature formula
751;History of calculus;LeibnizNewton calculus controversy
752;History of calculus;Derivative
753;History of calculus;Integral
754;History of calculus;Calculus
755;History of calculus;Zeno's paradoxes
756;History of calculus;Christiaan Huygens
757;History of calculus;Christiaan Huygens
758;History of calculus;Pierre-Simon Laplace
759;History of calculus;Integral
760;History of calculus;Derivative
761;History of calculus;Yuktibh
762;History of calculus;LeibnizNewton calculus controversy
763;History of calculus;Isaac Barrow
764;History of calculus;Louis Franois Antoine Arbogast
765;History of calculus;Method of exhaustion
766;History of calculus;Integral
767;History of calculus;Derivative
768;History of calculus;Kerala school of astronomy and mathematics
769;History of calculus;Polynomial
770;History of calculus;Physics
771;History of calculus;Philosophi Naturalis Principia Mathematica
772;History of calculus;Limit (mathematics)
773;History of calculus;Guillaume de l'Hpital
774;List of calculus topics;Indeterminate form
775;List of calculus topics;One-sided limit
776;List of calculus topics;Differentiation under the integral sign
777;List of calculus topics;Limit of a function
778;List of calculus topics;Chain rule
779;List of calculus topics;Second derivative test
780;List of calculus topics;Calculus
781;List of calculus topics;Differential of a function
782;List of calculus topics;Product rule
783;List of calculus topics;L'Hpital's rule
784;List of calculus topics;History of calculus
785;List of calculus topics;List of calculus topics
786;List of calculus topics;Quotient rule
787;List of calculus topics;Taylor's theorem
788;List of calculus topics;Differential calculus
789;List of calculus topics;Derivative
790;List of calculus topics;Extreme value theorem
791;List of calculus topics;Differentiation rules
792;List of calculus topics;Integral of secant cubed
793;List of calculus topics;Stationary point
794;List of calculus topics;(, )-definition of limit
795;List of calculus topics;Antiderivative
796;List of calculus topics;Leibniz's notation
797;List of calculus topics;First derivative test
798;List of calculus topics;Mean value theorem
799;List of calculus topics;Antiderivative
800;List of calculus topics;Integration by substitution
801;List of calculus topics;Integration by substitution
802;List of calculus topics;Outline of calculus
803;List of calculus topics;Integration by parts
804;List of calculus topics;Limit (mathematics)
805;List of calculus topics;Power rule
806;List of calculus topics;EulerMaclaurin formula
807;List of calculus topics;Logarithmic derivative
808;List of calculus topics;Constant of integration
809;Derivative;Improper integral
810;Derivative;Logarithm
811;Derivative;Limit of a function
812;Derivative;Leibniz's notation
813;Derivative;Multivariable calculus
814;Derivative;Chain rule
815;Derivative;Calculus
816;Derivative;Differential of a function
817;Derivative;Difference quotient
818;Derivative;Product rule
819;Derivative;Time-scale calculus
820;Derivative;History of calculus
821;Derivative;Differentiation rules
822;Derivative;Quotient rule
823;Derivative;Taylor's theorem
824;Derivative;Power rule
825;Derivative;Differential (infinitesimal)
826;Derivative;Derivative
827;Derivative;Differentiation rules
828;Derivative;Differential of a function
829;Derivative;Second derivative
830;Derivative;Polynomial
831;Derivative;Integral
832;Derivative;Antiderivative
833;Derivative;Differentiable manifold
834;Derivative;Differentiable function
835;Derivative;Mean value theorem
836;Derivative;Differential calculus
837;Derivative;Integration by substitution
838;Derivative;Integral
839;Derivative;Michael Spivak
840;Derivative;Order of integration (calculus)
841;Derivative;Integration by parts
842;Derivative;Physics
843;Derivative;Monotonic function
844;Derivative;Rolle's theorem
845;Monotonic function;Limit of a function
846;Monotonic function;Derivative
847;Monotonic function;Calculus
848;Monotonic function;Monotonic function
849;Differentiation rules;Differentiation rules
850;Differentiation rules;Quotient rule
851;Differentiation rules;Integral
852;Differentiation rules;Taylor's theorem
853;Differentiation rules;Improper integral
854;Differentiation rules;Integral
855;Differentiation rules;Limit of a function
856;Differentiation rules;Derivative
857;Differentiation rules;Power rule
858;Differentiation rules;Integration by parts
859;Differentiation rules;Logarithm
860;Differentiation rules;Leibniz's notation
861;Differentiation rules;Multivariable calculus
862;Differentiation rules;Chain rule
863;Differentiation rules;Differentiation under the integral sign
864;Differentiation rules;Order of integration (calculus)
865;Differentiation rules;Differential of a function
866;Differentiation rules;Mean value theorem
867;Differentiation rules;Reciprocal rule
868;Differentiation rules;Differentiable function
869;Differentiation rules;Calculus
870;Differentiation rules;Logarithmic derivative
871;Differentiation rules;Differential calculus
872;Differentiation rules;Rolle's theorem
873;Differentiation rules;Product rule
874;Differentiation rules;Integration by substitution
875;Indeterminate form;Extended real number line
876;Indeterminate form;Limit of a function
877;Indeterminate form;Derivative
878;Indeterminate form;Real analysis
879;Indeterminate form;Calculus
880;Indeterminate form;Extended real number line
881;Indeterminate form;Derivative
882;Indeterminate form;Indeterminate form
883;Indeterminate form;L'Hpital's rule
884;Gaussian integral;Integral
885;Gaussian integral;Differentiation under the integral sign
886;Gaussian integral;Cartesian coordinate system
887;Gaussian integral;Cartesian coordinate system
888;Gaussian integral;Risch algorithm
889;Gaussian integral;Antiderivative
890;Gaussian integral;Squeeze theorem
891;Gaussian integral;Integral
892;Gaussian integral;Calculus
893;Gaussian integral;Gaussian integral
894;Gaussian integral;Improper integral
895;Differential (infinitesimal);Leibniz's notation
896;Differential (infinitesimal);Calculus
897;Differential (infinitesimal);Differential of a function
898;Differential (infinitesimal);Differential (infinitesimal)
899;Differential (infinitesimal);History of calculus
900;Differential (infinitesimal);Differential of a function
901;Differential (infinitesimal);Integral
902;Differential (infinitesimal);Derivative
903;Differential (infinitesimal);Differentiable manifold
904;Differential (infinitesimal);Limit (mathematics)
905;Taylor's theorem;Absolute continuity
906;Taylor's theorem;Improper integral
907;Taylor's theorem;Limit of a function
908;Taylor's theorem;Multivariable calculus
909;Taylor's theorem;Chain rule
910;Taylor's theorem;Calculus
911;Taylor's theorem;Differentiation rules
912;Taylor's theorem;Quotient rule
913;Taylor's theorem;Taylor's theorem
914;Taylor's theorem;Differential calculus
915;Taylor's theorem;Power rule
916;Taylor's theorem;Differentiable function
917;Taylor's theorem;Product rule
918;Taylor's theorem;L'Hpital's rule
919;Taylor's theorem;Integration by substitution
920;Taylor's theorem;Differentiable function
921;Taylor's theorem;Polynomial
922;Taylor's theorem;Differential of a function
923;Taylor's theorem;Integral
924;Taylor's theorem;Derivative
925;Taylor's theorem;Mean value theorem
926;Taylor's theorem;Geometric series
927;Taylor's theorem;Integral
928;Taylor's theorem;Michael Spivak
929;Taylor's theorem;Order of integration (calculus)
930;Taylor's theorem;Integration by parts
931;Taylor's theorem;Multivariable calculus
932;Taylor's theorem;Rolle's theorem
933;Differentiable function;Semi-differentiability
934;Differentiable function;Second derivative
935;Differentiable function;Derivative
936;Differentiable function;Differentiable manifold
937;Differentiable function;Multivariable calculus
938;Differentiable function;Differentiable function
939;Differentiable function;Calculus
940;Pierre-Simon Laplace;Determinant
941;Pierre-Simon Laplace;Integral
942;Pierre-Simon Laplace;Calculus
943;Pierre-Simon Laplace;Pierre-Simon Laplace
944;Pierre-Simon Laplace;Differential calculus
945;Pierre-Simon Laplace;Philosophi Naturalis Principia Mathematica
946;Pierre-Simon Laplace;Integral
947;Pierre-Simon Laplace;Pierre-Simon Laplace
948;Pierre-Simon Laplace;Philosophi Naturalis Principia Mathematica
949;Pierre-Simon Laplace;Physics
950;Integral;Improper integral
951;Integral;Logarithm
952;Integral;Limit of a function
953;Integral;Multivariable calculus
954;Integral;Chain rule
955;Integral;Order of integration (calculus)
956;Integral;Calculus
957;Integral;Area
958;Integral;Product rule
959;Integral;Time-scale calculus
960;Integral;History of calculus
961;Integral;Differentiation rules
962;Integral;Quotient rule
963;Integral;Differential (infinitesimal)
964;Integral;Taylor's theorem
965;Integral;Differential calculus
966;Integral;Power rule
967;Integral;Differential (infinitesimal)
968;Integral;Cavalieri's quadrature formula
969;Integral;Risch algorithm
970;Integral;Differentiation under the integral sign
971;Integral;nth root
972;Integral;Manifold
973;Integral;Integral
974;Integral;Derivative
975;Integral;Real analysis
976;Integral;Antiderivative
977;Integral;Gaussian integral
978;Integral;Mean value theorem
979;Integral;Isaac Barrow
980;Integral;Hilbert space
981;Integral;Integration by substitution
982;Integral;Method of exhaustion
983;Integral;p-adic number
984;Integral;Integral
985;Integral;Area
986;Integral;Integration by parts
987;Integral;Limit (mathematics)
988;Integral;Physics
989;Integral;Symbolic integration
990;Integral;Rolle's theorem
991;Manifold;Differentiable manifold
992;Manifold;Manifold
993;Manifold;Michael Spivak
994;Manifold;Derivative
995;Manifold;Euclidean space
996;Manifold;Cartesian coordinate system
997;Manifold;Manifold
998;Manifold;Area
999;Manifold;Calculus
1000;Manifold;Manifold
1001;Manifold;Hilbert space
1002;Differential calculus;Differentiation rules
1003;Differential calculus;Improper integral
1004;Differential calculus;Limit of a function
1005;Differential calculus;Indian mathematics
1006;Differential calculus;LeibnizNewton calculus controversy
1007;Differential calculus;Multivariable calculus
1008;Differential calculus;Chain rule
1009;Differential calculus;Order of integration (calculus)
1010;Differential calculus;Second derivative test
1011;Differential calculus;Calculus
1012;Differential calculus;Differential of a function
1013;Differential calculus;Product rule
1014;Differential calculus;History of calculus
1015;Differential calculus;List of calculus topics
1016;Differential calculus;Differentiation rules
1017;Differential calculus;Bhskara II
1018;Differential calculus;Quotient rule
1019;Differential calculus;Taylor's theorem
1020;Differential calculus;Taylor's theorem
1021;Differential calculus;Power rule
1022;Differential calculus;Eigenvalues and eigenvectors
1023;Differential calculus;Christiaan Huygens
1024;Differential calculus;Extreme value theorem
1025;Differential calculus;Integral
1026;Differential calculus;Calculus of variations
1027;Differential calculus;Second derivative
1028;Differential calculus;Stationary point
1029;Differential calculus;Integral
1030;Differential calculus;Derivative
1031;Differential calculus;Euclidean space
1032;Differential calculus;Differentiable function
1033;Differential calculus;Mean value theorem
1034;Differential calculus;Isaac Barrow
1035;Differential calculus;Critical point (mathematics)
1036;Differential calculus;Differential calculus
1037;Differential calculus;Integration by substitution
1038;Differential calculus;Integral
1039;Differential calculus;First derivative test
1040;Differential calculus;Integration by parts
1041;Differential calculus;Physics
1042;Differential calculus;Differential of a function
1043;Differential calculus;Rolle's theorem
1044;Eigenvalues and eigenvectors;Eigenvalues and eigenvectors
1045;Eigenvalues and eigenvectors;Calculus
1046;Eigenvalues and eigenvectors;Derivative
1047;Eigenvalues and eigenvectors;Cartesian coordinate system
1048;Eigenvalues and eigenvectors;Derivative
1049;Eigenvalues and eigenvectors;Discrete mathematics
1050;Eigenvalues and eigenvectors;Hilbert space
1051;Eigenvalues and eigenvectors;Polynomial
1052;Eigenvalues and eigenvectors;Determinant
1053;Power rule;Differentiation rules
1054;Power rule;Quotient rule
1055;Power rule;Integral
1056;Power rule;Taylor's theorem
1057;Power rule;Improper integral
1058;Power rule;Integral
1059;Power rule;Limit of a function
1060;Power rule;Derivative
1061;Power rule;Integration by parts
1062;Power rule;Power rule
1063;Power rule;Multivariable calculus
1064;Power rule;Chain rule
1065;Power rule;Cavalieri's quadrature formula
1066;Power rule;Order of integration (calculus)
1067;Power rule;Mean value theorem
1068;Power rule;Constant of integration
1069;Power rule;Calculus
1070;Power rule;Antiderivative
1071;Power rule;Differential calculus
1072;Power rule;Polynomial
1073;Power rule;Rolle's theorem
1074;Power rule;Product rule
1075;Power rule;Integration by substitution
1076;Cartesian coordinate system;Calculus
1077;Cartesian coordinate system;Cartesian coordinate system
1078;Cartesian coordinate system;Physics
1079;Cartesian coordinate system;Determinant
1080;Jacob Bernoulli;Jacob Bernoulli
1081;Jacob Bernoulli;Calculus
1082;Mathematical and theoretical biology;Calculus
1083;Mathematical and theoretical biology;Numerical methods for ordinary differential equations
1084;Mathematical and theoretical biology;Mathematical and theoretical biology
1085;Mathematical and theoretical biology;Mathematical and theoretical biology
1086;Mathematical and theoretical biology;Mathematical and theoretical biology
1087;Mathematical and theoretical biology;Physics
1088;Eigenvalues and eigenvectors;Eigenvalues and eigenvectors
1089;Eigenvalues and eigenvectors;Calculus
1090;Eigenvalues and eigenvectors;Derivative
1091;Eigenvalues and eigenvectors;Cartesian coordinate system
1092;Eigenvalues and eigenvectors;Derivative
1093;Eigenvalues and eigenvectors;Discrete mathematics
1094;Eigenvalues and eigenvectors;Hilbert space
1095;Eigenvalues and eigenvectors;Polynomial
1096;Eigenvalues and eigenvectors;Determinant
1097;Differentiable function;Semi-differentiability
1098;Differentiable function;Second derivative
1099;Differentiable function;Derivative
1100;Differentiable function;Differentiable manifold
1101;Differentiable function;Multivariable calculus
1102;Differentiable function;Differentiable function
1103;Differentiable function;Calculus
1104;Cartesian coordinate system;Calculus
1105;Cartesian coordinate system;Cartesian coordinate system
1106;Cartesian coordinate system;Physics
1107;Cartesian coordinate system;Determinant
1108;Differential (infinitesimal);Leibniz's notation
1109;Differential (infinitesimal);Calculus
1110;Differential (infinitesimal);Differential of a function
1111;Differential (infinitesimal);Differential (infinitesimal)
1112;Differential (infinitesimal);History of calculus
1113;Differential (infinitesimal);Differential of a function
1114;Differential (infinitesimal);Integral
1115;Differential (infinitesimal);Derivative
1116;Differential (infinitesimal);Differentiable manifold
1117;Differential (infinitesimal);Limit (mathematics)
1118;Christiaan Huygens;Calculus
1119;Christiaan Huygens;Physics
1120;Christiaan Huygens;Christiaan Huygens
1121;Derivative;Improper integral
1122;Derivative;Logarithm
1123;Derivative;Limit of a function
1124;Derivative;Leibniz's notation
1125;Derivative;Multivariable calculus
1126;Derivative;Chain rule
1127;Derivative;Calculus
1128;Derivative;Differential of a function
1129;Derivative;Difference quotient
1130;Derivative;Product rule
1131;Derivative;Time-scale calculus
1132;Derivative;History of calculus
1133;Derivative;Differentiation rules
1134;Derivative;Quotient rule
1135;Derivative;Taylor's theorem
1136;Derivative;Power rule
1137;Derivative;Differential (infinitesimal)
1138;Derivative;Derivative
1139;Derivative;Differentiation rules
1140;Derivative;Differential of a function
1141;Derivative;Second derivative
1142;Derivative;Polynomial
1143;Derivative;Integral
1144;Derivative;Antiderivative
1145;Derivative;Differentiable manifold
1146;Derivative;Differentiable function
1147;Derivative;Mean value theorem
1148;Derivative;Differential calculus
1149;Derivative;Integration by substitution
1150;Derivative;Integral
1151;Derivative;Michael Spivak
1152;Derivative;Order of integration (calculus)
1153;Derivative;Integration by parts
1154;Derivative;Physics
1155;Derivative;Monotonic function
1156;Derivative;Rolle's theorem
1157;Mathematical formulation of quantum mechanics;Mathematical formulation of quantum mechanics
1158;Mathematical formulation of quantum mechanics;Mathematical formulation of quantum mechanics
1159;Mathematical formulation of quantum mechanics;Calculus
1160;Mathematical formulation of quantum mechanics;Eigenvalues and eigenvectors
1161;Mathematical formulation of quantum mechanics;Eigenvalues and eigenvectors
1162;Mathematical formulation of quantum mechanics;Hilbert space
1163;Monotonic function;Limit of a function
1164;Monotonic function;Derivative
1165;Monotonic function;Calculus
1166;Monotonic function;Monotonic function
1167;Cavalieri's quadrature formula;Antiderivative
1168;Cavalieri's quadrature formula;Integral
1169;Cavalieri's quadrature formula;Integral
1170;Cavalieri's quadrature formula;Improper integral
1171;Cavalieri's quadrature formula;Derivative
1172;Cavalieri's quadrature formula;Area
1173;Cavalieri's quadrature formula;Logarithm
1174;Cavalieri's quadrature formula;Cavalieri's quadrature formula
1175;Cavalieri's quadrature formula;Integral
1176;Cavalieri's quadrature formula;Calculus
1177;Cavalieri's quadrature formula;Antiderivative
1178;Cavalieri's quadrature formula;Method of exhaustion
1179;Cavalieri's quadrature formula;History of calculus
1180;Risch algorithm;Symbolic integration
1181;Risch algorithm;Logarithm
1182;Risch algorithm;Differentiable function
1183;Risch algorithm;Antiderivative
1184;Risch algorithm;Risch algorithm
1185;Risch algorithm;Pierre-Simon Laplace
1186;Risch algorithm;Calculus
1187;Risch algorithm;nth root
1188;Extended real number line;Extended real number line
1189;Extended real number line;p-adic number
1190;Extended real number line;Improper integral
1191;Extended real number line;Integral
1192;Extended real number line;Limit of a function
1193;Extended real number line;Calculus
1194;Extended real number line;Indeterminate form
1195;Functional derivative;EulerLagrange equation
1196;Functional derivative;Derivative
1197;Functional derivative;Physics
1198;Functional derivative;Calculus
1199;Functional derivative;Functional derivative
1200;Functional derivative;Manifold
1201;Functional derivative;Hilbert space
1202;Functional derivative;Differential of a function
1203;Zeno's paradoxes;Calculus
1204;Zeno's paradoxes;Zeno's paradoxes
1205;Zeno's paradoxes;Geometric series
1206;Semi-differentiability;Semi-differentiability
1207;Semi-differentiability;One-sided limit
1208;Semi-differentiability;Derivative
1209;Semi-differentiability;Mean value theorem
1210;Semi-differentiability;Calculus
1211;Semi-differentiability;Differentiable function
1212;Semi-differentiability;Difference quotient
1213;Cartesian coordinate system;Calculus
1214;Cartesian coordinate system;Cartesian coordinate system
1215;Cartesian coordinate system;Physics
1216;Cartesian coordinate system;Determinant
1217;Extreme value theorem;Calculus
1218;Extreme value theorem;Extreme value theorem
1219;Extreme value theorem;Extended real number line
1220;Extreme value theorem;Rolle's theorem
1221;Numerical methods for ordinary differential equations;Numerical methods for ordinary differential equations
1222;Numerical methods for ordinary differential equations;Calculus
1223;Numerical methods for ordinary differential equations;Numerical methods for ordinary differential equations
1224;Numerical methods for ordinary differential equations;Integral
1225;Numerical methods for ordinary differential equations;Physics
1226;Mdhava of Sagamgrama;Indian mathematics
1227;Mdhava of Sagamgrama;Jyehadeva
1228;Mdhava of Sagamgrama;Calculus
1229;Mdhava of Sagamgrama;Kerala school of astronomy and mathematics
1230;Mdhava of Sagamgrama;Bhskara II
1231;Mdhava of Sagamgrama;History of calculus
1232;Mdhava of Sagamgrama;Integral
1233;Mdhava of Sagamgrama;Derivative
1234;Mdhava of Sagamgrama;Yuktibh
1235;Mdhava of Sagamgrama;Mdhava of Sagamgrama
1236;Mdhava of Sagamgrama;Integral
1237;Mdhava of Sagamgrama;Limit (mathematics)
1238;Guillaume de l'Hpital;Integral
1239;Guillaume de l'Hpital;Integral
1240;Guillaume de l'Hpital;Differential calculus
1241;Guillaume de l'Hpital;Logarithm
1242;Guillaume de l'Hpital;Indeterminate form
1243;Guillaume de l'Hpital;Christiaan Huygens
1244;Guillaume de l'Hpital;Guillaume de l'Hpital
1245;Guillaume de l'Hpital;Jacob Bernoulli
1246;Guillaume de l'Hpital;Calculus
1247;Guillaume de l'Hpital;Limit (mathematics)
1248;Guillaume de l'Hpital;L'Hpital's rule
1249;Mathematical and theoretical biology;Calculus
1250;Mathematical and theoretical biology;Numerical methods for ordinary differential equations
1251;Mathematical and theoretical biology;Mathematical and theoretical biology
1252;Mathematical and theoretical biology;Mathematical and theoretical biology
1253;Mathematical and theoretical biology;Mathematical and theoretical biology
1254;Mathematical and theoretical biology;Physics
1255;Geometric series;Taylor's theorem
1256;Geometric series;Area
1257;Geometric series;Integral
1258;Geometric series;Physics
1259;Geometric series;Geometric series
1260;Geometric series;Zeno's paradoxes
1261;Geometric series;Integral
1262;Geometric series;Calculus
1263;Geometric series;Method of exhaustion
1264;Absolute continuity;Absolute continuity
1265;Absolute continuity;Integral
1266;Absolute continuity;Derivative
1267;Absolute continuity;Calculus
1268;Differentiation rules;Differentiation rules
1269;Differentiation rules;Quotient rule
1270;Differentiation rules;Integral
1271;Differentiation rules;Taylor's theorem
1272;Differentiation rules;Improper integral
1273;Differentiation rules;Integral
1274;Differentiation rules;Limit of a function
1275;Differentiation rules;Derivative
1276;Differentiation rules;Power rule
1277;Differentiation rules;Integration by parts
1278;Differentiation rules;Logarithm
1279;Differentiation rules;Leibniz's notation
1280;Differentiation rules;Multivariable calculus
1281;Differentiation rules;Chain rule
1282;Differentiation rules;Differentiation under the integral sign
1283;Differentiation rules;Order of integration (calculus)
1284;Differentiation rules;Differential of a function
1285;Differentiation rules;Mean value theorem
1286;Differentiation rules;Reciprocal rule
1287;Differentiation rules;Differentiable function
1288;Differentiation rules;Calculus
1289;Differentiation rules;Logarithmic derivative
1290;Differentiation rules;Differential calculus
1291;Differentiation rules;Rolle's theorem
1292;Differentiation rules;Product rule
1293;Differentiation rules;Integration by substitution
1294;Christiaan Huygens;Calculus
1295;Christiaan Huygens;Physics
1296;Christiaan Huygens;Christiaan Huygens
1297;Differentiation rules;Differentiation rules
1298;Differentiation rules;Quotient rule
1299;Differentiation rules;Integral
1300;Differentiation rules;Taylor's theorem
1301;Differentiation rules;Improper integral
1302;Differentiation rules;Integral
1303;Differentiation rules;Limit of a function
1304;Differentiation rules;Derivative
1305;Differentiation rules;Power rule
1306;Differentiation rules;Integration by parts
1307;Differentiation rules;Logarithm
1308;Differentiation rules;Leibniz's notation
1309;Differentiation rules;Multivariable calculus
1310;Differentiation rules;Chain rule
1311;Differentiation rules;Differentiation under the integral sign
1312;Differentiation rules;Order of integration (calculus)
1313;Differentiation rules;Differential of a function
1314;Differentiation rules;Mean value theorem
1315;Differentiation rules;Reciprocal rule
1316;Differentiation rules;Differentiable function
1317;Differentiation rules;Calculus
1318;Differentiation rules;Logarithmic derivative
1319;Differentiation rules;Differential calculus
1320;Differentiation rules;Rolle's theorem
1321;Differentiation rules;Product rule
1322;Differentiation rules;Integration by substitution
1323;Integral of secant cubed;Antiderivative
1324;Integral of secant cubed;Integration by parts
1325;Integral of secant cubed;Integral of secant cubed
1326;Integral of secant cubed;Surface area
1327;Integral of secant cubed;Michael Spivak
1328;Integral of secant cubed;Integration by parts
1329;Integral of secant cubed;Calculus
1330;Integral of secant cubed;Antiderivative
1331;Integration by substitution;Improper integral
1332;Integration by substitution;Limit of a function
1333;Integration by substitution;Multivariable calculus
1334;Integration by substitution;Chain rule
1335;Integration by substitution;Order of integration (calculus)
1336;Integration by substitution;Leibniz's notation
1337;Integration by substitution;Calculus
1338;Integration by substitution;Pierre-Simon Laplace
1339;Integration by substitution;Product rule
1340;Integration by substitution;Differentiation rules
1341;Integration by substitution;Quotient rule
1342;Integration by substitution;Taylor's theorem
1343;Integration by substitution;Differential calculus
1344;Integration by substitution;Power rule
1345;Integration by substitution;Absolute continuity
1346;Integration by substitution;Integral
1347;Integration by substitution;Derivative
1348;Integration by substitution;Antiderivative
1349;Integration by substitution;Mean value theorem
1350;Integration by substitution;Integration by substitution
1351;Integration by substitution;Integral
1352;Integration by substitution;Michael Spivak
1353;Integration by substitution;Integration by parts
1354;Integration by substitution;Rolle's theorem
1355;Integration by substitution;Constant of integration
1356;Integration by substitution;Determinant
1357;EulerLagrange equation;Calculus
1358;EulerLagrange equation;Functional derivative
1359;EulerLagrange equation;EulerLagrange equation
1360;EulerLagrange equation;Calculus of variations
1361;EulerLagrange equation;Stationary point
1362;EulerLagrange equation;Derivative
1363;EulerLagrange equation;Integration by parts
1364;EulerLagrange equation;Physics
1365;Manifold;Differentiable manifold
1366;Manifold;Manifold
1367;Manifold;Michael Spivak
1368;Manifold;Derivative
1369;Manifold;Euclidean space
1370;Manifold;Cartesian coordinate system
1371;Manifold;Manifold
1372;Manifold;Area
1373;Manifold;Calculus
1374;Manifold;Manifold
1375;Manifold;Hilbert space
1376;Polynomial;Calculus
1377;Polynomial;Polynomial
1378;Polynomial;Taylor's theorem
1379;Polynomial;Logarithm
1380;Polynomial;Eigenvalues and eigenvectors
1381;Polynomial;Differentiable function
1382;Polynomial;Derivative
1383;Polynomial;Polynomial
1384;Polynomial;Antiderivative
1385;Polynomial;Power rule
1386;Polynomial;Physics
1387;Polynomial;Calculus
1388;Polynomial;Polynomial
1389;Polynomial;Taylor's theorem
1390;Polynomial;Logarithm
1391;Polynomial;Eigenvalues and eigenvectors
1392;Polynomial;Differentiable function
1393;Polynomial;Derivative
1394;Polynomial;Polynomial
1395;Polynomial;Antiderivative
1396;Polynomial;Power rule
1397;Polynomial;Physics
1398;Constant of integration;Antiderivative
1399;Constant of integration;Integral
1400;Constant of integration;Calculus
1401;Constant of integration;Antiderivative
1402;Constant of integration;Constant of integration
1403;Jyehadeva;Indian mathematics
1404;Jyehadeva;Jyehadeva
1405;Jyehadeva;Calculus
1406;Jyehadeva;Bhskara II
1407;Jyehadeva;Mdhava of Sagamgrama
1408;Jyehadeva;Yuktibh
1409;Jyehadeva;Mdhava of Sagamgrama
1410;Jyehadeva;Kerala school of astronomy and mathematics
1411;Differential of a function;Differentiable manifold
1412;Differential of a function;Chain rule
1413;Differential of a function;Leibniz's notation
1414;Differential of a function;Calculus
1415;Differential of a function;Taylor's theorem
1416;Differential of a function;Differential (infinitesimal)
1417;Differential of a function;Differential of a function
1418;Differential of a function;Maurice Ren Frchet
1419;Differential of a function;Derivative
1420;Differential of a function;Real analysis
1421;Differential of a function;Euclidean space
1422;Differential of a function;Differentiable function
1423;Differential of a function;Limit (mathematics)
1424;Differential of a function;Product rule
1425;Cartesian coordinate system;Calculus
1426;Cartesian coordinate system;Cartesian coordinate system
1427;Cartesian coordinate system;Physics
1428;Cartesian coordinate system;Determinant
1429;Monotonic function;Limit of a function
1430;Monotonic function;Derivative
1431;Monotonic function;Calculus
1432;Monotonic function;Monotonic function
1433;Integral;Improper integral
1434;Integral;Logarithm
1435;Integral;Limit of a function
1436;Integral;Multivariable calculus
1437;Integral;Chain rule
1438;Integral;Order of integration (calculus)
1439;Integral;Calculus
1440;Integral;Area
1441;Integral;Product rule
1442;Integral;Time-scale calculus
1443;Integral;History of calculus
1444;Integral;Differentiation rules
1445;Integral;Quotient rule
1446;Integral;Differential (infinitesimal)
1447;Integral;Taylor's theorem
1448;Integral;Differential calculus
1449;Integral;Power rule
1450;Integral;Differential (infinitesimal)
1451;Integral;Cavalieri's quadrature formula
1452;Integral;Risch algorithm
1453;Integral;Differentiation under the integral sign
1454;Integral;nth root
1455;Integral;Manifold
1456;Integral;Integral
1457;Integral;Derivative
1458;Integral;Real analysis
1459;Integral;Antiderivative
1460;Integral;Gaussian integral
1461;Integral;Mean value theorem
1462;Integral;Isaac Barrow
1463;Integral;Hilbert space
1464;Integral;Integration by substitution
1465;Integral;Method of exhaustion
1466;Integral;p-adic number
1467;Integral;Integral
1468;Integral;Area
1469;Integral;Integration by parts
1470;Integral;Limit (mathematics)
1471;Integral;Physics
1472;Integral;Symbolic integration
1473;Integral;Rolle's theorem
1474;Time-scale calculus;Differential calculus
1475;Time-scale calculus;Calculus
1476;Time-scale calculus;Time-scale calculus
1477;Calculus of variations;Chain rule
1478;Calculus of variations;EulerLagrange equation
1479;Calculus of variations;Integral
1480;Calculus of variations;Calculus
1481;Calculus of variations;Jacob Bernoulli
1482;Calculus of variations;Guillaume de l'Hpital
1483;Calculus of variations;EulerLagrange equation
1484;Calculus of variations;Calculus of variations
1485;Calculus of variations;Derivative
1486;Calculus of variations;Integration by parts
1487;Second derivative;Second derivative
1488;Second derivative;Stationary point
1489;Second derivative;Taylor's theorem
1490;Second derivative;Michael Spivak
1491;Second derivative;Derivative
1492;Second derivative;Eigenvalues and eigenvectors
1493;Second derivative;Limit (mathematics)
1494;Second derivative;Calculus
1495;Second derivative;Leibniz's notation
1496;Second derivative;Eigenvalues and eigenvectors
1497;Second derivative;Eigenvalues and eigenvectors
1498;Second derivative;Second derivative test
1499;Second derivative;Difference quotient
1500;Squeeze theorem;Squeeze theorem
1501;Squeeze theorem;Limit (mathematics)
1502;Squeeze theorem;Calculus
1503;Maurice Ren Frchet;Differentiation in Frchet spaces
1504;Maurice Ren Frchet;Maurice Ren Frchet
1505;Maurice Ren Frchet;Calculus
1506;Stationary point;Second derivative
1507;Stationary point;Stationary point
1508;Stationary point;Derivative
1509;Stationary point;First derivative test
1510;Stationary point;Second derivative test
1511;Stationary point;Calculus
1512;Stationary point;Critical point (mathematics)
1513;Derivative;Improper integral
1514;Derivative;Logarithm
1515;Derivative;Limit of a function
1516;Derivative;Leibniz's notation
1517;Derivative;Multivariable calculus
1518;Derivative;Chain rule
1519;Derivative;Calculus
1520;Derivative;Differential of a function
1521;Derivative;Difference quotient
1522;Derivative;Product rule
1523;Derivative;Time-scale calculus
1524;Derivative;History of calculus
1525;Derivative;Differentiation rules
1526;Derivative;Quotient rule
1527;Derivative;Taylor's theorem
1528;Derivative;Power rule
1529;Derivative;Differential (infinitesimal)
1530;Derivative;Derivative
1531;Derivative;Differentiation rules
1532;Derivative;Differential of a function
1533;Derivative;Second derivative
1534;Derivative;Polynomial
1535;Derivative;Integral
1536;Derivative;Antiderivative
1537;Derivative;Differentiable manifold
1538;Derivative;Differentiable function
1539;Derivative;Mean value theorem
1540;Derivative;Differential calculus
1541;Derivative;Integration by substitution
1542;Derivative;Integral
1543;Derivative;Michael Spivak
1544;Derivative;Order of integration (calculus)
1545;Derivative;Integration by parts
1546;Derivative;Physics
1547;Derivative;Monotonic function
1548;Derivative;Rolle's theorem
1549;Polynomial;Calculus
1550;Polynomial;Polynomial
1551;Polynomial;Taylor's theorem
1552;Polynomial;Logarithm
1553;Polynomial;Eigenvalues and eigenvectors
1554;Polynomial;Differentiable function
1555;Polynomial;Derivative
1556;Polynomial;Polynomial
1557;Polynomial;Antiderivative
1558;Polynomial;Power rule
1559;Polynomial;Physics
1560;Surface area;Area
1561;Surface area;Surface area
1562;Surface area;Calculus
1563;Integral;Improper integral
1564;Integral;Logarithm
1565;Integral;Limit of a function
1566;Integral;Multivariable calculus
1567;Integral;Chain rule
1568;Integral;Order of integration (calculus)
1569;Integral;Calculus
1570;Integral;Area
1571;Integral;Product rule
1572;Integral;Time-scale calculus
1573;Integral;History of calculus
1574;Integral;Differentiation rules
1575;Integral;Quotient rule
1576;Integral;Differential (infinitesimal)
1577;Integral;Taylor's theorem
1578;Integral;Differential calculus
1579;Integral;Power rule
1580;Integral;Differential (infinitesimal)
1581;Integral;Cavalieri's quadrature formula
1582;Integral;Risch algorithm
1583;Integral;Differentiation under the integral sign
1584;Integral;nth root
1585;Integral;Manifold
1586;Integral;Integral
1587;Integral;Derivative
1588;Integral;Real analysis
1589;Integral;Antiderivative
1590;Integral;Gaussian integral
1591;Integral;Mean value theorem
1592;Integral;Isaac Barrow
1593;Integral;Hilbert space
1594;Integral;Integration by substitution
1595;Integral;Method of exhaustion
1596;Integral;p-adic number
1597;Integral;Integral
1598;Integral;Area
1599;Integral;Integration by parts
1600;Integral;Limit (mathematics)
1601;Integral;Physics
1602;Integral;Symbolic integration
1603;Integral;Rolle's theorem
1604;(, )-definition of limit;Limit of a function
1605;(, )-definition of limit;Derivative
1606;(, )-definition of limit;(, )-definition of limit
1607;(, )-definition of limit;Calculus
1608;(, )-definition of limit;List of calculus topics
1609;Yuktibh;Indian mathematics
1610;Yuktibh;Jyehadeva
1611;Yuktibh;Calculus
1612;Yuktibh;Bhskara II
1613;Yuktibh;Kerala school of astronomy and mathematics
1614;Yuktibh;Jyehadeva
1615;Yuktibh;Jyehadeva
1616;Yuktibh;Integral
1617;Yuktibh;Derivative
1618;Yuktibh;Yuktibh
1619;Yuktibh;Mdhava of Sagamgrama
1620;Yuktibh;Mdhava of Sagamgrama
1621;Real analysis;Integral
1622;Real analysis;Limit of a function
1623;Real analysis;Derivative
1624;Real analysis;Real analysis
1625;Real analysis;Differentiable function
1626;Real analysis;Calculus
1627;Real analysis;Mean value theorem
1628;Real analysis;Hilbert space
1629;Real analysis;Time-scale calculus
1630;Mdhava of Sagamgrama;Indian mathematics
1631;Mdhava of Sagamgrama;Jyehadeva
1632;Mdhava of Sagamgrama;Calculus
1633;Mdhava of Sagamgrama;Kerala school of astronomy and mathematics
1634;Mdhava of Sagamgrama;Bhskara II
1635;Mdhava of Sagamgrama;History of calculus
1636;Mdhava of Sagamgrama;Integral
1637;Mdhava of Sagamgrama;Derivative
1638;Mdhava of Sagamgrama;Yuktibh
1639;Mdhava of Sagamgrama;Mdhava of Sagamgrama
1640;Mdhava of Sagamgrama;Integral
1641;Mdhava of Sagamgrama;Limit (mathematics)
1642;Antiderivative;Logarithm
1643;Antiderivative;Integral
1644;Antiderivative;Derivative
1645;Antiderivative;Integration by parts
1646;Antiderivative;Risch algorithm
1647;Antiderivative;Symbolic integration
1648;Antiderivative;Mean value theorem
1649;Antiderivative;Integration by substitution
1650;Antiderivative;Calculus
1651;Antiderivative;Antiderivative
1652;Antiderivative;Polynomial
1653;Antiderivative;Constant of integration
1654;Antiderivative;Constant of integration
1655;Antiderivative;Integration by substitution
1656;Euclidean space;Calculus
1657;Euclidean space;Cartesian coordinate system
1658;Euclidean space;Euclidean space
1659;Euclidean space;Differentiable manifold
1660;Euclidean space;Cartesian coordinate system
1661;Euclidean space;Hilbert space
1662;Euclidean space;Cartesian coordinate system
1663;Leibniz's notation;Derivative
1664;Leibniz's notation;Leibniz's notation
1665;Leibniz's notation;Derivative
1666;Leibniz's notation;LeibnizNewton calculus controversy
1667;Leibniz's notation;Chain rule
1668;Leibniz's notation;Differential (infinitesimal)
1669;Leibniz's notation;Calculus
1670;Leibniz's notation;Integration by substitution
1671;Differentiable manifold;Multivariable calculus
1672;Differentiable manifold;Chain rule
1673;Differentiable manifold;Calculus
1674;Differentiable manifold;Product rule
1675;Differentiable manifold;Differentiable manifold
1676;Differentiable manifold;Derivative
1677;Differentiable manifold;Manifold
1678;Differentiable manifold;Euclidean space
1679;Differentiable manifold;Polynomial
1680;Differentiable manifold;Integral
1681;Differentiable manifold;Manifold
1682;Differentiable manifold;Physics
1683;Eigenvalues and eigenvectors;Eigenvalues and eigenvectors
1684;Eigenvalues and eigenvectors;Calculus
1685;Eigenvalues and eigenvectors;Derivative
1686;Eigenvalues and eigenvectors;Cartesian coordinate system
1687;Eigenvalues and eigenvectors;Derivative
1688;Eigenvalues and eigenvectors;Discrete mathematics
1689;Eigenvalues and eigenvectors;Hilbert space
1690;Eigenvalues and eigenvectors;Polynomial
1691;Eigenvalues and eigenvectors;Determinant
1692;Yuktibh;Indian mathematics
1693;Yuktibh;Jyehadeva
1694;Yuktibh;Calculus
1695;Yuktibh;Bhskara II
1696;Yuktibh;Kerala school of astronomy and mathematics
1697;Yuktibh;Jyehadeva
1698;Yuktibh;Jyehadeva
1699;Yuktibh;Integral
1700;Yuktibh;Derivative
1701;Yuktibh;Yuktibh
1702;Yuktibh;Mdhava of Sagamgrama
1703;Yuktibh;Mdhava of Sagamgrama
1704;LeibnizNewton calculus controversy;LeibnizNewton calculus controversy
1705;LeibnizNewton calculus controversy;Integral
1706;LeibnizNewton calculus controversy;Calculus
1707;LeibnizNewton calculus controversy;Isaac Barrow
1708;LeibnizNewton calculus controversy;Guillaume de l'Hpital
1709;LeibnizNewton calculus controversy;Kerala school of astronomy and mathematics
1710;LeibnizNewton calculus controversy;Differential (infinitesimal)
1711;LeibnizNewton calculus controversy;History of calculus
1712;Quotient rule;Differentiation rules
1713;Quotient rule;Integral
1714;Quotient rule;Taylor's theorem
1715;Quotient rule;Reciprocal rule
1716;Quotient rule;Improper integral
1717;Quotient rule;Integral
1718;Quotient rule;Limit of a function
1719;Quotient rule;Derivative
1720;Quotient rule;Power rule
1721;Quotient rule;Difference quotient
1722;Quotient rule;Integration by parts
1723;Quotient rule;Multivariable calculus
1724;Quotient rule;Chain rule
1725;Quotient rule;Order of integration (calculus)
1726;Quotient rule;Mean value theorem
1727;Quotient rule;Calculus
1728;Quotient rule;George B. Thomas
1729;Quotient rule;Quotient rule
1730;Quotient rule;Differential calculus
1731;Quotient rule;Rolle's theorem
1732;Quotient rule;Product rule
1733;Quotient rule;Integration by substitution
1734;Kerala school of astronomy and mathematics;Integral
1735;Kerala school of astronomy and mathematics;Indian mathematics
1736;Kerala school of astronomy and mathematics;Derivative
1737;Kerala school of astronomy and mathematics;Limit (mathematics)
1738;Kerala school of astronomy and mathematics;Yuktibh
1739;Kerala school of astronomy and mathematics;Kerala school of astronomy and mathematics
1740;Kerala school of astronomy and mathematics;Calculus
1741;Kerala school of astronomy and mathematics;Mdhava of Sagamgrama
1742;Kerala school of astronomy and mathematics;Jyehadeva
1743;Pierre-Simon Laplace;Determinant
1744;Pierre-Simon Laplace;Integral
1745;Pierre-Simon Laplace;Calculus
1746;Pierre-Simon Laplace;Pierre-Simon Laplace
1747;Pierre-Simon Laplace;Differential calculus
1748;Pierre-Simon Laplace;Philosophi Naturalis Principia Mathematica
1749;Pierre-Simon Laplace;Integral
1750;Pierre-Simon Laplace;Pierre-Simon Laplace
1751;Pierre-Simon Laplace;Philosophi Naturalis Principia Mathematica
1752;Pierre-Simon Laplace;Physics
1753;Symbolic integration;nth root
1754;Symbolic integration;Integral
1755;Symbolic integration;Logarithm
1756;Symbolic integration;Antiderivative
1757;Symbolic integration;Risch algorithm
1758;Symbolic integration;Symbolic integration
1759;Symbolic integration;Calculus
1760;Symbolic integration;Constant of integration
1761;Differentiable function;Semi-differentiability
1762;Differentiable function;Second derivative
1763;Differentiable function;Derivative
1764;Differentiable function;Differentiable manifold
1765;Differentiable function;Multivariable calculus
1766;Differentiable function;Differentiable function
1767;Differentiable function;Calculus
1768;Mean value theorem;Semi-differentiability
1769;Mean value theorem;Improper integral
1770;Mean value theorem;Limit of a function
1771;Mean value theorem;Product rule
1772;Mean value theorem;Multivariable calculus
1773;Mean value theorem;Order of integration (calculus)
1774;Mean value theorem;Calculus
1775;Mean value theorem;Semi-differentiability
1776;Mean value theorem;L'Hpital's rule
1777;Mean value theorem;Differentiation rules
1778;Mean value theorem;Quotient rule
1779;Mean value theorem;Taylor's theorem
1780;Mean value theorem;Differential calculus
1781;Mean value theorem;Power rule
1782;Mean value theorem;Extreme value theorem
1783;Mean value theorem;Integral
1784;Mean value theorem;Derivative
1785;Mean value theorem;Kerala school of astronomy and mathematics
1786;Mean value theorem;Integral
1787;Mean value theorem;Differentiable function
1788;Mean value theorem;Mean value theorem
1789;Mean value theorem;Bhskara II
1790;Mean value theorem;Chain rule
1791;Mean value theorem;Integration by substitution
1792;Mean value theorem;Integration by parts
1793;Mean value theorem;Monotonic function
1794;Mean value theorem;Rolle's theorem
1795;Mean value theorem;Semi-differentiability
1796;Mean value theorem;Improper integral
1797;Mean value theorem;Limit of a function
1798;Mean value theorem;Product rule
1799;Mean value theorem;Multivariable calculus
1800;Mean value theorem;Order of integration (calculus)
1801;Mean value theorem;Calculus
1802;Mean value theorem;Semi-differentiability
1803;Mean value theorem;L'Hpital's rule
1804;Mean value theorem;Differentiation rules
1805;Mean value theorem;Quotient rule
1806;Mean value theorem;Taylor's theorem
1807;Mean value theorem;Differential calculus
1808;Mean value theorem;Power rule
1809;Mean value theorem;Extreme value theorem
1810;Mean value theorem;Integral
1811;Mean value theorem;Derivative
1812;Mean value theorem;Kerala school of astronomy and mathematics
1813;Mean value theorem;Integral
1814;Mean value theorem;Differentiable function
1815;Mean value theorem;Mean value theorem
1816;Mean value theorem;Bhskara II
1817;Mean value theorem;Chain rule
1818;Mean value theorem;Integration by substitution
1819;Mean value theorem;Integration by parts
1820;Mean value theorem;Monotonic function
1821;Mean value theorem;Rolle's theorem
1822;Jyehadeva;Indian mathematics
1823;Jyehadeva;Jyehadeva
1824;Jyehadeva;Calculus
1825;Jyehadeva;Bhskara II
1826;Jyehadeva;Mdhava of Sagamgrama
1827;Jyehadeva;Yuktibh
1828;Jyehadeva;Mdhava of Sagamgrama
1829;Jyehadeva;Kerala school of astronomy and mathematics
1830;Isaac Barrow;Calculus
1831;Isaac Barrow;Differential calculus
1832;Isaac Barrow;Isaac Barrow
1833;Louis Franois Antoine Arbogast;Maurice Ren Frchet
1834;Louis Franois Antoine Arbogast;Louis Franois Antoine Arbogast
1835;Louis Franois Antoine Arbogast;Calculus
1836;Louis Franois Antoine Arbogast;Pierre-Simon Laplace
1837;Bhskara II;Indian mathematics
1838;Bhskara II;Jyehadeva
1839;Bhskara II;Calculus
1840;Bhskara II;Differential of a function
1841;Bhskara II;Bhskara II
1842;Bhskara II;Differential calculus
1843;Bhskara II;Differential (infinitesimal)
1844;Bhskara II;Derivative
1845;Bhskara II;Integral
1846;Bhskara II;Mdhava of Sagamgrama
1847;Bhskara II;Kerala school of astronomy and mathematics
1848;Bhskara II;Mean value theorem
1849;Bhskara II;Area
1850;Bhskara II;Yuktibh
1851;Bhskara II;nth root
1852;Bhskara II;Mdhava of Sagamgrama
1853;Bhskara II;Rolle's theorem
1854;Integration by parts;Improper integral
1855;Integration by parts;Limit of a function
1856;Integration by parts;Multivariable calculus
1857;Integration by parts;Chain rule
1858;Integration by parts;Order of integration (calculus)
1859;Integration by parts;Calculus
1860;Integration by parts;Differentiation rules
1861;Integration by parts;Quotient rule
1862;Integration by parts;Taylor's theorem
1863;Integration by parts;Integral
1864;Integration by parts;Differential calculus
1865;Integration by parts;Power rule
1866;Integration by parts;Product rule
1867;Integration by parts;Integral of secant cubed
1868;Integration by parts;Polynomial
1869;Integration by parts;Constant of integration
1870;Integration by parts;Integral
1871;Integration by parts;Derivative
1872;Integration by parts;Antiderivative
1873;Integration by parts;Mean value theorem
1874;Integration by parts;Integration by substitution
1875;Integration by parts;Integration by substitution
1876;Integration by parts;Integral
1877;Integration by parts;Integration by parts
1878;Integration by parts;Logarithm
1879;Integration by parts;Differential of a function
1880;Integration by parts;Differential of a function
1881;Integration by parts;Rolle's theorem
1882;Integration by parts;Constant of integration
1883;LeibnizNewton calculus controversy;LeibnizNewton calculus controversy
1884;LeibnizNewton calculus controversy;Integral
1885;LeibnizNewton calculus controversy;Calculus
1886;LeibnizNewton calculus controversy;Isaac Barrow
1887;LeibnizNewton calculus controversy;Guillaume de l'Hpital
1888;LeibnizNewton calculus controversy;Kerala school of astronomy and mathematics
1889;LeibnizNewton calculus controversy;Differential (infinitesimal)
1890;LeibnizNewton calculus controversy;History of calculus
1891;Antiderivative;Logarithm
1892;Antiderivative;Integral
1893;Antiderivative;Derivative
1894;Antiderivative;Integration by parts
1895;Antiderivative;Risch algorithm
1896;Antiderivative;Symbolic integration
1897;Antiderivative;Mean value theorem
1898;Antiderivative;Integration by substitution
1899;Antiderivative;Calculus
1900;Antiderivative;Antiderivative
1901;Antiderivative;Polynomial
1902;Antiderivative;Constant of integration
1903;Antiderivative;Constant of integration
1904;Antiderivative;Integration by substitution
1905;Area;Multivariable calculus
1906;Area;Integral
1907;Area;Calculus
1908;Area;History of calculus
1909;Area;Surface area
1910;Area;Integral
1911;Area;Method of exhaustion
1912;Area;Integral
1913;Area;Area
1914;Area;Determinant
1915;Area;Limit (mathematics)
1916;Power rule;Differentiation rules
1917;Power rule;Quotient rule
1918;Power rule;Integral
1919;Power rule;Taylor's theorem
1920;Power rule;Improper integral
1921;Power rule;Integral
1922;Power rule;Limit of a function
1923;Power rule;Derivative
1924;Power rule;Integration by parts
1925;Power rule;Power rule
1926;Power rule;Multivariable calculus
1927;Power rule;Chain rule
1928;Power rule;Cavalieri's quadrature formula
1929;Power rule;Order of integration (calculus)
1930;Power rule;Mean value theorem
1931;Power rule;Constant of integration
1932;Power rule;Calculus
1933;Power rule;Antiderivative
1934;Power rule;Differential calculus
1935;Power rule;Polynomial
1936;Power rule;Rolle's theorem
1937;Power rule;Product rule
1938;Power rule;Integration by substitution
1939;Manifold;Differentiable manifold
1940;Manifold;Manifold
1941;Manifold;Michael Spivak
1942;Manifold;Derivative
1943;Manifold;Euclidean space
1944;Manifold;Cartesian coordinate system
1945;Manifold;Manifold
1946;Manifold;Area
1947;Manifold;Calculus
1948;Manifold;Manifold
1949;Manifold;Hilbert space
1950;Eigenvalues and eigenvectors;Eigenvalues and eigenvectors
1951;Eigenvalues and eigenvectors;Calculus
1952;Eigenvalues and eigenvectors;Derivative
1953;Eigenvalues and eigenvectors;Cartesian coordinate system
1954;Eigenvalues and eigenvectors;Derivative
1955;Eigenvalues and eigenvectors;Discrete mathematics
1956;Eigenvalues and eigenvectors;Hilbert space
1957;Eigenvalues and eigenvectors;Polynomial
1958;Eigenvalues and eigenvectors;Determinant
1959;Mathematical and theoretical biology;Calculus
1960;Mathematical and theoretical biology;Numerical methods for ordinary differential equations
1961;Mathematical and theoretical biology;Mathematical and theoretical biology
1962;Mathematical and theoretical biology;Mathematical and theoretical biology
1963;Mathematical and theoretical biology;Mathematical and theoretical biology
1964;Mathematical and theoretical biology;Physics
1965;Taylor's theorem;Absolute continuity
1966;Taylor's theorem;Improper integral
1967;Taylor's theorem;Limit of a function
1968;Taylor's theorem;Multivariable calculus
1969;Taylor's theorem;Chain rule
1970;Taylor's theorem;Calculus
1971;Taylor's theorem;Differentiation rules
1972;Taylor's theorem;Quotient rule
1973;Taylor's theorem;Taylor's theorem
1974;Taylor's theorem;Differential calculus
1975;Taylor's theorem;Power rule
1976;Taylor's theorem;Differentiable function
1977;Taylor's theorem;Product rule
1978;Taylor's theorem;L'Hpital's rule
1979;Taylor's theorem;Integration by substitution
1980;Taylor's theorem;Differentiable function
1981;Taylor's theorem;Polynomial
1982;Taylor's theorem;Differential of a function
1983;Taylor's theorem;Integral
1984;Taylor's theorem;Derivative
1985;Taylor's theorem;Mean value theorem
1986;Taylor's theorem;Geometric series
1987;Taylor's theorem;Integral
1988;Taylor's theorem;Michael Spivak
1989;Taylor's theorem;Order of integration (calculus)
1990;Taylor's theorem;Integration by parts
1991;Taylor's theorem;Multivariable calculus
1992;Taylor's theorem;Rolle's theorem
1993;Discrete mathematics;Concrete Mathematics
1994;Discrete mathematics;Calculus
1995;Discrete mathematics;Derivative
1996;Discrete mathematics;Time-scale calculus
1997;Discrete mathematics;Discrete mathematics
1998;Discrete mathematics;Outline of discrete mathematics
1999;Hilbert space;Cartesian coordinate system
2000;Hilbert space;Mathematical formulation of quantum mechanics
2001;Hilbert space;Calculus
2002;Hilbert space;Physics
2003;Hilbert space;Eigenvalues and eigenvectors
2004;Hilbert space;Limit (mathematics)
2005;Hilbert space;Monotonic function
2006;Hilbert space;Cartesian coordinate system
2007;Hilbert space;Euclidean space
2008;Hilbert space;Eigenvalues and eigenvectors
2009;Hilbert space;Calculus of variations
2010;Hilbert space;Maurice Ren Frchet
2011;Hilbert space;Derivative
2012;Hilbert space;Multivariable calculus
2013;Hilbert space;Hilbert space
2014;Integration by substitution;Improper integral
2015;Integration by substitution;Limit of a function
2016;Integration by substitution;Multivariable calculus
2017;Integration by substitution;Chain rule
2018;Integration by substitution;Order of integration (calculus)
2019;Integration by substitution;Leibniz's notation
2020;Integration by substitution;Calculus
2021;Integration by substitution;Pierre-Simon Laplace
2022;Integration by substitution;Product rule
2023;Integration by substitution;Differentiation rules
2024;Integration by substitution;Quotient rule
2025;Integration by substitution;Taylor's theorem
2026;Integration by substitution;Differential calculus
2027;Integration by substitution;Power rule
2028;Integration by substitution;Absolute continuity
2029;Integration by substitution;Integral
2030;Integration by substitution;Derivative
2031;Integration by substitution;Antiderivative
2032;Integration by substitution;Mean value theorem
2033;Integration by substitution;Integration by substitution
2034;Integration by substitution;Integral
2035;Integration by substitution;Michael Spivak
2036;Integration by substitution;Integration by parts
2037;Integration by substitution;Rolle's theorem
2038;Integration by substitution;Constant of integration
2039;Integration by substitution;Determinant
2040;Method of exhaustion;Integral
2041;Method of exhaustion;Area
2042;Method of exhaustion;Limit (mathematics)
2043;Method of exhaustion;Calculus
2044;Method of exhaustion;Method of exhaustion
2045;Mdhava of Sagamgrama;Indian mathematics
2046;Mdhava of Sagamgrama;Jyehadeva
2047;Mdhava of Sagamgrama;Calculus
2048;Mdhava of Sagamgrama;Kerala school of astronomy and mathematics
2049;Mdhava of Sagamgrama;Bhskara II
2050;Mdhava of Sagamgrama;History of calculus
2051;Mdhava of Sagamgrama;Integral
2052;Mdhava of Sagamgrama;Derivative
2053;Mdhava of Sagamgrama;Yuktibh
2054;Mdhava of Sagamgrama;Mdhava of Sagamgrama
2055;Mdhava of Sagamgrama;Integral
2056;Mdhava of Sagamgrama;Limit (mathematics)
2057;Del;Del
2058;Del;Derivative
2059;Del;Calculus
2060;Del;Euclidean space
2061;Del;Cartesian coordinate system
2062;Manifold;Differentiable manifold
2063;Manifold;Manifold
2064;Manifold;Michael Spivak
2065;Manifold;Derivative
2066;Manifold;Euclidean space
2067;Manifold;Cartesian coordinate system
2068;Manifold;Manifold
2069;Manifold;Area
2070;Manifold;Calculus
2071;Manifold;Manifold
2072;Manifold;Hilbert space
2073;p-adic number;Calculus
2074;p-adic number;Derivative
2075;p-adic number;p-adic number
2076;Integral;Improper integral
2077;Integral;Logarithm
2078;Integral;Limit of a function
2079;Integral;Multivariable calculus
2080;Integral;Chain rule
2081;Integral;Order of integration (calculus)
2082;Integral;Calculus
2083;Integral;Area
2084;Integral;Product rule
2085;Integral;Time-scale calculus
2086;Integral;History of calculus
2087;Integral;Differentiation rules
2088;Integral;Quotient rule
2089;Integral;Differential (infinitesimal)
2090;Integral;Taylor's theorem
2091;Integral;Differential calculus
2092;Integral;Power rule
2093;Integral;Differential (infinitesimal)
2094;Integral;Cavalieri's quadrature formula
2095;Integral;Risch algorithm
2096;Integral;Differentiation under the integral sign
2097;Integral;nth root
2098;Integral;Manifold
2099;Integral;Integral
2100;Integral;Derivative
2101;Integral;Real analysis
2102;Integral;Antiderivative
2103;Integral;Gaussian integral
2104;Integral;Mean value theorem
2105;Integral;Isaac Barrow
2106;Integral;Hilbert space
2107;Integral;Integration by substitution
2108;Integral;Method of exhaustion
2109;Integral;p-adic number
2110;Integral;Integral
2111;Integral;Area
2112;Integral;Integration by parts
2113;Integral;Limit (mathematics)
2114;Integral;Physics
2115;Integral;Symbolic integration
2116;Integral;Rolle's theorem
2117;Outline of discrete mathematics;Indeterminate form
2118;Outline of discrete mathematics;Calculus
2119;Outline of discrete mathematics;Discrete mathematics
2120;Outline of discrete mathematics;Outline of discrete mathematics
2121;Determinant;Determinant
2122;Determinant;Eigenvalues and eigenvectors
2123;Determinant;Calculus
2124;Determinant;Eigenvalues and eigenvectors
2125;Determinant;Area
2126;Determinant;Pierre-Simon Laplace
2127;Determinant;Eigenvalues and eigenvectors
2128;Determinant;Polynomial
2129;Determinant;Integral
2130;Determinant;Derivative
2131;Determinant;Euclidean space
2132;Determinant;Eigenvalues and eigenvectors
2133;Determinant;Differentiable function
2134;Determinant;Integration by substitution
2135;Determinant;Integration by substitution
2136;Cartesian coordinate system;Calculus
2137;Cartesian coordinate system;Cartesian coordinate system
2138;Cartesian coordinate system;Physics
2139;Cartesian coordinate system;Determinant
2140;Area;Multivariable calculus
2141;Area;Integral
2142;Area;Calculus
2143;Area;History of calculus
2144;Area;Surface area
2145;Area;Integral
2146;Area;Method of exhaustion
2147;Area;Integral
2148;Area;Area
2149;Area;Determinant
2150;Area;Limit (mathematics)
2151;Michael Spivak;Michael Spivak
2152;Michael Spivak;Calculus
2153;First derivative test;Differentiable function
2154;First derivative test;Second derivative test
2155;First derivative test;Extreme value theorem
2156;First derivative test;Mean value theorem
2157;First derivative test;Stationary point
2158;First derivative test;Monotonic function
2159;First derivative test;First derivative test
2160;First derivative test;Calculus
2161;First derivative test;Derivative
2162;Differentiation in Frchet spaces;Manifold
2163;Differentiation in Frchet spaces;Differentiation in Frchet spaces
2164;Differentiation in Frchet spaces;Chain rule
2165;Differentiation in Frchet spaces;Calculus
2166;Derivative;Improper integral
2167;Derivative;Logarithm
2168;Derivative;Limit of a function
2169;Derivative;Leibniz's notation
2170;Derivative;Multivariable calculus
2171;Derivative;Chain rule
2172;Derivative;Calculus
2173;Derivative;Differential of a function
2174;Derivative;Difference quotient
2175;Derivative;Product rule
2176;Derivative;Time-scale calculus
2177;Derivative;History of calculus
2178;Derivative;Differentiation rules
2179;Derivative;Quotient rule
2180;Derivative;Taylor's theorem
2181;Derivative;Power rule
2182;Derivative;Differential (infinitesimal)
2183;Derivative;Derivative
2184;Derivative;Differentiation rules
2185;Derivative;Differential of a function
2186;Derivative;Second derivative
2187;Derivative;Polynomial
2188;Derivative;Integral
2189;Derivative;Antiderivative
2190;Derivative;Differentiable manifold
2191;Derivative;Differentiable function
2192;Derivative;Mean value theorem
2193;Derivative;Differential calculus
2194;Derivative;Integration by substitution
2195;Derivative;Integral
2196;Derivative;Michael Spivak
2197;Derivative;Order of integration (calculus)
2198;Derivative;Integration by parts
2199;Derivative;Physics
2200;Derivative;Monotonic function
2201;Derivative;Rolle's theorem
2202;Cartesian coordinate system;Calculus
2203;Cartesian coordinate system;Cartesian coordinate system
2204;Cartesian coordinate system;Physics
2205;Cartesian coordinate system;Determinant
2206;Philosophi Naturalis Principia Mathematica;Calculus
2207;Philosophi Naturalis Principia Mathematica;Philosophi Naturalis Principia Mathematica
2208;Philosophi Naturalis Principia Mathematica;Christiaan Huygens
2209;Philosophi Naturalis Principia Mathematica;Guillaume de l'Hpital
2210;Philosophi Naturalis Principia Mathematica;Isaac Barrow
2211;Philosophi Naturalis Principia Mathematica;Philosophi Naturalis Principia Mathematica
2212;Jyehadeva;Indian mathematics
2213;Jyehadeva;Jyehadeva
2214;Jyehadeva;Calculus
2215;Jyehadeva;Bhskara II
2216;Jyehadeva;Mdhava of Sagamgrama
2217;Jyehadeva;Yuktibh
2218;Jyehadeva;Mdhava of Sagamgrama
2219;Jyehadeva;Kerala school of astronomy and mathematics
2220;Limit (mathematics);Integral
2221;Limit (mathematics);Limit of a function
2222;Limit (mathematics);(, )-definition of limit
2223;Limit (mathematics);Derivative
2224;Limit (mathematics);Squeeze theorem
2225;Limit (mathematics);One-sided limit
2226;Limit (mathematics);Calculus
2227;Limit (mathematics);Limit (mathematics)
2228;Logarithm;nth root
2229;Logarithm;Calculus
2230;Logarithm;Cartesian coordinate system
2231;Logarithm;Pierre-Simon Laplace
2232;Logarithm;Differentiable function
2233;Logarithm;Integration by substitution
2234;Logarithm;Limit (mathematics)
2235;Logarithm;Logarithm
2236;Logarithm;Chain rule
2237;Logarithm;Integral
2238;Logarithm;Derivative
2239;Logarithm;Antiderivative
2240;Logarithm;Logarithmic differentiation
2241;Logarithm;Logarithmic derivative
2242;Logarithm;Differentiable manifold
2243;Logarithm;Monotonic function
2244;Logarithm;Monotonic function
2245;Leibniz's notation;Derivative
2246;Leibniz's notation;Leibniz's notation
2247;Leibniz's notation;Derivative
2248;Leibniz's notation;LeibnizNewton calculus controversy
2249;Leibniz's notation;Chain rule
2250;Leibniz's notation;Differential (infinitesimal)
2251;Leibniz's notation;Calculus
2252;Leibniz's notation;Integration by substitution
2253;Philosophi Naturalis Principia Mathematica;Calculus
2254;Philosophi Naturalis Principia Mathematica;Philosophi Naturalis Principia Mathematica
2255;Philosophi Naturalis Principia Mathematica;Christiaan Huygens
2256;Philosophi Naturalis Principia Mathematica;Guillaume de l'Hpital
2257;Philosophi Naturalis Principia Mathematica;Isaac Barrow
2258;Philosophi Naturalis Principia Mathematica;Philosophi Naturalis Principia Mathematica
2259;EulerMaclaurin formula;EulerMaclaurin formula
2260;EulerMaclaurin formula;Integral
2261;EulerMaclaurin formula;Derivative
2262;EulerMaclaurin formula;Integration by parts
2263;EulerMaclaurin formula;Integration by substitution
2264;EulerMaclaurin formula;Hilbert space
2265;EulerMaclaurin formula;Calculus
2266;EulerMaclaurin formula;Darboux's formula
2267;EulerMaclaurin formula;Polynomial
2268;Multivariable calculus;Del
2269;Multivariable calculus;Differentiation rules
2270;Multivariable calculus;Quotient rule
2271;Multivariable calculus;Integral
2272;Multivariable calculus;Area
2273;Multivariable calculus;Taylor's theorem
2274;Multivariable calculus;Improper integral
2275;Multivariable calculus;Integral
2276;Multivariable calculus;Limit of a function
2277;Multivariable calculus;Derivative
2278;Multivariable calculus;Power rule
2279;Multivariable calculus;Differentiable manifold
2280;Multivariable calculus;Integration by parts
2281;Multivariable calculus;Multivariable calculus
2282;Multivariable calculus;Chain rule
2283;Multivariable calculus;Order of integration (calculus)
2284;Multivariable calculus;Mean value theorem
2285;Multivariable calculus;Calculus
2286;Multivariable calculus;Manifold
2287;Multivariable calculus;Differential calculus
2288;Multivariable calculus;Rolle's theorem
2289;Multivariable calculus;Product rule
2290;Multivariable calculus;Integration by substitution
2291;Differential of a function;Differentiable manifold
2292;Differential of a function;Chain rule
2293;Differential of a function;Leibniz's notation
2294;Differential of a function;Calculus
2295;Differential of a function;Taylor's theorem
2296;Differential of a function;Differential (infinitesimal)
2297;Differential of a function;Differential of a function
2298;Differential of a function;Maurice Ren Frchet
2299;Differential of a function;Derivative
2300;Differential of a function;Real analysis
2301;Differential of a function;Euclidean space
2302;Differential of a function;Differentiable function
2303;Differential of a function;Limit (mathematics)
2304;Differential of a function;Product rule
2305;Jacob Bernoulli;Jacob Bernoulli
2306;Jacob Bernoulli;Calculus
2307;Physics;Mathematical and theoretical biology
2308;Physics;Christiaan Huygens
2309;Physics;Calculus
2310;Physics;Pierre-Simon Laplace
2311;Physics;Physics
2312;Physics;Mathematical and theoretical biology
2313;Louis Franois Antoine Arbogast;Maurice Ren Frchet
2314;Louis Franois Antoine Arbogast;Louis Franois Antoine Arbogast
2315;Louis Franois Antoine Arbogast;Calculus
2316;Louis Franois Antoine Arbogast;Pierre-Simon Laplace
2317;Integration by substitution;Improper integral
2318;Integration by substitution;Limit of a function
2319;Integration by substitution;Multivariable calculus
2320;Integration by substitution;Chain rule
2321;Integration by substitution;Order of integration (calculus)
2322;Integration by substitution;Leibniz's notation
2323;Integration by substitution;Calculus
2324;Integration by substitution;Pierre-Simon Laplace
2325;Integration by substitution;Product rule
2326;Integration by substitution;Differentiation rules
2327;Integration by substitution;Quotient rule
2328;Integration by substitution;Taylor's theorem
2329;Integration by substitution;Differential calculus
2330;Integration by substitution;Power rule
2331;Integration by substitution;Absolute continuity
2332;Integration by substitution;Integral
2333;Integration by substitution;Derivative
2334;Integration by substitution;Antiderivative
2335;Integration by substitution;Mean value theorem
2336;Integration by substitution;Integration by substitution
2337;Integration by substitution;Integral
2338;Integration by substitution;Michael Spivak
2339;Integration by substitution;Integration by parts
2340;Integration by substitution;Rolle's theorem
2341;Integration by substitution;Constant of integration
2342;Integration by substitution;Determinant
2343;Extended real number line;Extended real number line
2344;Extended real number line;p-adic number
2345;Extended real number line;Improper integral
2346;Extended real number line;Integral
2347;Extended real number line;Limit of a function
2348;Extended real number line;Calculus
2349;Extended real number line;Indeterminate form
2350;Iterated integral;Iterated integral
2351;Iterated integral;Calculus
2352;EulerMaclaurin formula;EulerMaclaurin formula
2353;EulerMaclaurin formula;Integral
2354;EulerMaclaurin formula;Derivative
2355;EulerMaclaurin formula;Integration by parts
2356;EulerMaclaurin formula;Integration by substitution
2357;EulerMaclaurin formula;Hilbert space
2358;EulerMaclaurin formula;Calculus
2359;EulerMaclaurin formula;Darboux's formula
2360;EulerMaclaurin formula;Polynomial
2361;Monotonic function;Limit of a function
2362;Monotonic function;Derivative
2363;Monotonic function;Calculus
2364;Monotonic function;Monotonic function
2365;George B. Thomas;George B. Thomas
2366;George B. Thomas;Calculus
2367;Manifold;Differentiable manifold
2368;Manifold;Manifold
2369;Manifold;Michael Spivak
2370;Manifold;Derivative
2371;Manifold;Euclidean space
2372;Manifold;Cartesian coordinate system
2373;Manifold;Manifold
2374;Manifold;Area
2375;Manifold;Calculus
2376;Manifold;Manifold
2377;Manifold;Hilbert space
2378;nth root;Calculus
2379;nth root;nth root
2380;nth root;Polynomial
2381;Mdhava of Sagamgrama;Indian mathematics
2382;Mdhava of Sagamgrama;Jyehadeva
2383;Mdhava of Sagamgrama;Calculus
2384;Mdhava of Sagamgrama;Kerala school of astronomy and mathematics
2385;Mdhava of Sagamgrama;Bhskara II
2386;Mdhava of Sagamgrama;History of calculus
2387;Mdhava of Sagamgrama;Integral
2388;Mdhava of Sagamgrama;Derivative
2389;Mdhava of Sagamgrama;Yuktibh
2390;Mdhava of Sagamgrama;Mdhava of Sagamgrama
2391;Mdhava of Sagamgrama;Integral
2392;Mdhava of Sagamgrama;Limit (mathematics)
2393;Logarithmic derivative;Quotient rule
2394;Logarithmic derivative;Reciprocal rule
2395;Logarithmic derivative;Power rule
2396;Logarithmic derivative;Derivative
2397;Logarithmic derivative;Chain rule
2398;Logarithmic derivative;Logarithmic differentiation
2399;Logarithmic derivative;Calculus
2400;Logarithmic derivative;Antiderivative
2401;Logarithmic derivative;Logarithmic derivative
2402;Logarithmic derivative;Product rule
2403;Outline of calculus;Differentiation rules
2404;Outline of calculus;Integral
2405;Outline of calculus;Differential calculus
2406;Outline of calculus;Integral
2407;Outline of calculus;Derivative
2408;Outline of calculus;Multivariable calculus
2409;Outline of calculus;Calculus
2410;Outline of calculus;Power rule
2411;Outline of calculus;Outline of calculus
2412;Outline of calculus;Limit (mathematics)
2413;Outline of calculus;History of calculus
2414;Outline of calculus;List of calculus topics
2415;Darboux's formula;Darboux's formula
2416;Darboux's formula;Integration by parts
2417;Darboux's formula;EulerMaclaurin formula
2418;Darboux's formula;Integral
2419;Darboux's formula;Integral
2420;Darboux's formula;EulerMaclaurin formula
2421;Darboux's formula;Calculus
2422;Cartesian coordinate system;Calculus
2423;Cartesian coordinate system;Cartesian coordinate system
2424;Cartesian coordinate system;Physics
2425;Cartesian coordinate system;Determinant
2426;Maria Gaetana Agnesi;Calculus
2427;Maria Gaetana Agnesi;Maria Gaetana Agnesi
2428;Rolle's theorem;Differentiation rules
2429;Rolle's theorem;Quotient rule
2430;Rolle's theorem;Integral
2431;Rolle's theorem;Taylor's theorem
2432;Rolle's theorem;Stationary point
2433;Rolle's theorem;Improper integral
2434;Rolle's theorem;Integral
2435;Rolle's theorem;Limit of a function
2436;Rolle's theorem;Derivative
2437;Rolle's theorem;Power rule
2438;Rolle's theorem;Integration by parts
2439;Rolle's theorem;Multivariable calculus
2440;Rolle's theorem;Extended real number line
2441;Rolle's theorem;Chain rule
2442;Rolle's theorem;Differentiable function
2443;Rolle's theorem;Extreme value theorem
2444;Rolle's theorem;Mean value theorem
2445;Rolle's theorem;Monotonic function
2446;Rolle's theorem;Calculus
2447;Rolle's theorem;Order of integration (calculus)
2448;Rolle's theorem;Differential calculus
2449;Rolle's theorem;Rolle's theorem
2450;Rolle's theorem;Product rule
2451;Rolle's theorem;Integration by substitution
2452;Constant of integration;Antiderivative
2453;Constant of integration;Integral
2454;Constant of integration;Calculus
2455;Constant of integration;Antiderivative
2456;Constant of integration;Constant of integration
2457;Guillaume de l'Hpital;Integral
2458;Guillaume de l'Hpital;Integral
2459;Guillaume de l'Hpital;Differential calculus
2460;Guillaume de l'Hpital;Logarithm
2461;Guillaume de l'Hpital;Indeterminate form
2462;Guillaume de l'Hpital;Christiaan Huygens
2463;Guillaume de l'Hpital;Guillaume de l'Hpital
2464;Guillaume de l'Hpital;Jacob Bernoulli
2465;Guillaume de l'Hpital;Calculus
2466;Guillaume de l'Hpital;Limit (mathematics)
2467;Guillaume de l'Hpital;L'Hpital's rule
